CFACTOR	P	t	THETA	t/3600	PBLH	TEMP	O1D	OH	HO2	O3	NO	NO2	eNOx	TUV_J(6,THETA)	emis_NO	emis_NO*molps_to_molpcm2ps/PBLH/100/CFACTOR*3600
2.41958786e+10	9.96000000e+04	0.00000000e+00	1.18296323e+02	0.00000000e+00	2.50000000e+02	2.88150000e+02	1.00000000e-32	1.00000000e-32	1.00000000e-32	3.00000000e+01	1.00000000e-01	9.00000000e-01	1.00000000e-32	0.00000000e+00	6.81313280e-02	1.69572869e-01
2.41958786e+10	9.96000000e+04	3.00504312e+02	1.18285265e+02	8.34734201e-02	2.50000000e+02	2.88150000e+02	3.25722794e-266	6.12187848e-07	6.98979375e-05	2.97456548e+01	6.19062527e-03	1.00315814e+00	1.53940894e-02	0.00000000e+00	6.77162910e-02	1.68539878e-01
2.41958786e+10	9.96000000e+04	6.03801624e+02	1.18251692e+02	1.67722673e-01	2.50000000e+02	2.88150000e+02	-4.51935175e-218	1.35458331e-06	3.09746833e-04	2.95824502e+01	3.57157335e-03	1.01388592e+00	3.06937001e-02	0.00000000e+00	6.72973964e-02	1.67497287e-01
2.41958786e+10	9.96000000e+04	9.09795791e+02	1.18195041e+02	2.52721053e-01	2.50000000e+02	2.88150000e+02	-3.26201952e-136	2.22734015e-06	6.80738269e-04	2.94227346e+01	3.29464375e-03	1.02333211e+00	4.58979540e-02	0.00000000e+00	6.68747772e-02	1.66445425e-01
2.41958786e+10	9.96000000e+04	1.21537544e+03	1.18115696e+02	3.37604289e-01	2.50000000e+02	2.88150000e+02	2.49751777e-145	3.02894486e-06	1.06793635e-03	2.92642615e+01	3.10448541e-03	1.03339410e+00	6.10060032e-02	0.00000000e+00	6.64527304e-02	1.65394987e-01
2.41958786e+10	9.96000000e+04	1.52414608e+03	1.18012503e+02	4.23373911e-01	2.50000000e+02	2.88150000e+02	3.20015829e-145	3.65092013e-06	1.38064970e-03	2.91068688e+01	2.95587022e-03	1.04368011e+00	7.60179781e-02	0.00000000e+00	6.60262765e-02	1.64333581e-01
2.41958786e+10	9.96000000e+04	1.80979864e+03	1.17896531e+02	5.02721846e-01	2.50000000e+02	2.88150000e+02	0.00000000e+00	4.08317014e-06	1.59034812e-03	2.89504644e+01	2.84297003e-03	1.05394188e+00	9.09328753e-02	0.00000000e+00	6.56317517e-02	1.63351644e-01
2.41958786e+10	9.96000000e+04	2.11951249e+03	1.17748658e+02	5.88753470e-01	2.50000000e+02	2.88150000e+02	0.00000000e+00	4.36961634e-06	1.71274755e-03	2.87949770e+01	2.75905050e-03	1.06405468e+00	1.05757963e-01	0.00000000e+00	6.52039951e-02	1.62286995e-01
2.41958786e+10	9.96000000e+04	2.40457145e+03	1.17592348e+02	6.67936515e-01	2.50000000e+02	2.88150000e+02	0.00000000e+00	4.56128235e-06	1.77742576e-03	2.86403605e+01	2.69319315e-03	1.07394892e+00	1.20485677e-01	0.00000000e+00	6.48102902e-02	1.61307098e-01
2.41958786e+10	9.96000000e+04	2.71561593e+03	1.17399866e+02	7.54337760e-01	2.50000000e+02	2.88150000e+02	0.00000000e+00	4.69841776e-06	1.81005223e-03	2.84865767e+01	2.64192715e-03	1.08360488e+00	1.35123768e-01	0.00000000e+00	6.43806958e-02	1.60237876e-01
2.41958786e+10	9.96000000e+04	3.00759248e+03	1.17198555e+02	8.35442356e-01	2.50000000e+02	2.88150000e+02	0.00000000e+00	4.80452823e-06	1.82751925e-03	2.83336024e+01	2.59814284e-03	1.09301435e+00	1.49664067e-01	0.00000000e+00	6.39774368e-02	1.59234200e-01
2.41958786e+10	9.96000000e+04	3.32072882e+03	1.16960681e+02	9.22424673e-01	2.50000000e+02	2.88150000e+02	0.00000000e+00	4.89338711e-06	1.83919552e-03	2.81814165e+01	2.56163161e-03	1.10218943e+00	1.64112568e-01	0.00000000e+00	6.35449532e-02	1.58157786e-01
2.41958786e+10	9.96000000e+04	3.60840028e+03	1.16722330e+02	1.00233341e+00	2.50000000e+02	2.88150000e+02	0.00000000e+00	4.97068243e-06	1.84955658e-03	2.80300066e+01	2.52845044e-03	1.11113827e+00	1.78462619e-01	0.00000000e+00	6.31534964e-02	1.57183485e-01
2.41958786e+10	9.96000000e+04	3.92247025e+03	1.16440696e+02	1.08957507e+00	2.50000000e+02	2.88150000e+02	0.00000000e+00	5.03999426e-06	1.86038534e-03	2.78793578e+01	2.50030115e-03	1.11988092e+00	1.92723565e-01	0.00000000e+00	6.29386792e-02	1.56648824e-01
2.41958786e+10	9.96000000e+04	4.21219589e+03	1.16161330e+02	1.17005441e+00	2.50000000e+02	2.88150000e+02	0.00000000e+00	5.10406827e-06	1.87229613e-03	2.77294411e+01	2.48199537e-03	1.12846429e+00	2.06935820e-01	0.00000000e+00	6.27405131e-02	1.56155606e-01
2.41958786e+10	9.96000000e+04	4.51848167e+03	1.15845870e+02	1.25513380e+00	2.50000000e+02	2.88150000e+02	0.00000000e+00	5.16211003e-06	1.88540474e-03	2.75802424e+01	2.46679154e-03	1.13690787e+00	2.21103159e-01	0.00000000e+00	6.25310202e-02	1.55634196e-01
2.41958786e+10	9.96000000e+04	4.81121985e+03	1.15525310e+02	1.33644996e+00	2.50000000e+02	2.88150000e+02	0.00000000e+00	5.21408610e-06	1.89950031e-03	2.74317559e+01	2.45311141e-03	1.14521874e+00	2.35223014e-01	0.00000000e+00	6.23307935e-02	1.55135850e-01
2.41958786e+10	9.96000000e+04	5.10751141e+03	1.15182194e+02	1.41875317e+00	2.50000000e+02	2.88150000e+02	0.00000000e+00	5.26037556e-06	1.91426613e-03	2.72839758e+01	2.44141535e-03	1.15340587e+00	2.49297485e-01	0.00000000e+00	6.21281364e-02	1.54631454e-01
2.41958786e+10	9.96000000e+04	5.41083246e+03	1.14811802e+02	1.50300902e+00	2.50000000e+02	2.88150000e+02	0.00000000e+00	5.30100875e-06	1.92938850e-03	2.71368980e+01	2.43098779e-03	1.16147579e+00	2.63326023e-01	0.00000000e+00	6.19206713e-02	1.54115092e-01
2.41958786e+10	9.96000000e+04	5.70618523e+03	1.14432857e+02	1.58505145e+00	2.50000000e+02	2.88150000e+02	0.00000000e+00	5.33611085e-06	1.94458385e-03	2.69905197e+01	2.42150708e-03	1.16943335e+00	2.77307536e-01	0.00000000e+00	6.17186564e-02	1.53612294e-01
2.41958786e+10	9.96000000e+04	6.01904026e+03	1.14012142e+02	1.67195563e+00	2.50000000e+02	2.88150000e+02	0.00000000e+00	5.36600471e-06	1.95963011e-03	2.68448376e+01	2.41320102e-03	1.17728448e+00	2.91243260e-01	0.00000000e+00	6.15046702e-02	1.53079702e-01
2.41958786e+10	9.96000000e+04	6.30264954e+03	1.13613903e+02	1.75073598e+00	2.50000000e+02	2.88150000e+02	0.00000000e+00	5.39072138e-06	1.97434299e-03	2.66998505e+01	2.40523522e-03	1.18503164e+00	3.05130482e-01	0.00000000e+00	6.13106875e-02	1.52596896e-01
2.41958786e+10	9.96000000e+04	6.62573647e+03	1.13141095e+02	1.84048235e+00	2.50000000e+02	2.88150000e+02	0.00000000e+00	5.41089058e-06	1.98860875e-03	2.65555545e+01	2.39875212e-03	1.19268204e+00	3.18973736e-01	0.00000000e+00	6.10897030e-02	1.52046885e-01
2.41958786e+10	9.96000000e+04	6.92379308e+03	1.12687210e+02	1.92327585e+00	2.50000000e+02	2.88150000e+02	0.00000000e+00	5.42626047e-06	2.00231838e-03	2.64119503e+01	2.39180259e-03	1.20023499e+00	3.32766901e-01	0.00000000e+00	6.08858386e-02	1.51539484e-01
2.41958786e+10	9.96000000e+04	7.20749215e+03	1.12239737e+02	2.00208115e+00	2.50000000e+02	2.88150000e+02	0.00000000e+00	5.43755390e-06	2.01540285e-03	2.62690351e+01	2.38602262e-03	1.20769586e+00	3.46513859e-01	0.00000000e+00	6.06968406e-02	1.51069085e-01
2.41958786e+10	9.96000000e+04	7.50075405e+03	1.11761671e+02	2.08354279e+00	2.50000000e+02	2.88150000e+02	0.00000000e+00	5.44509003e-06	2.02785422e-03	2.61268057e+01	2.38129093e-03	1.21507081e+00	3.60217973e-01	0.00000000e+00	6.06937731e-02	1.51061450e-01
2.41958786e+10	9.96000000e+04	7.83766532e+03	1.11193427e+02	2.17712926e+00	2.50000000e+02	2.88150000e+02	0.00000000e+00	5.45096335e-06	2.03986239e-03	2.59852414e+01	2.38448630e-03	1.22239609e+00	3.73921210e-01	0.00000000e+00	6.06902490e-02	1.51052679e-01
2.41958786e+10	9.96000000e+04	8.12207597e+03	1.10698266e+02	2.25613221e+00	2.50000000e+02	2.88150000e+02	0.00000000e+00	5.45388718e-06	2.05162921e-03	2.58443354e+01	2.38841364e-03	1.22967975e+00	3.87623439e-01	0.00000000e+00	6.06872741e-02	1.51045275e-01
2.41958786e+10	9.96000000e+04	8.43657218e+03	1.10134641e+02	2.34349227e+00	2.50000000e+02	2.88150000e+02	0.00000000e+00	5.45422380e-06	2.06323706e-03	2.57040851e+01	2.39296990e-03	1.23692364e+00	4.01324816e-01	0.00000000e+00	6.06839845e-02	1.51037087e-01
2.41958786e+10	9.96000000e+04	8.72271690e+03	1.09607495e+02	2.42297692e+00	2.50000000e+02	2.88150000e+02	0.00000000e+00	5.45210874e-06	2.07468330e-03	2.55644883e+01	2.39803961e-03	1.24412950e+00	4.15025252e-01	0.00000000e+00	6.06809914e-02	1.51029638e-01
2.41958786e+10	9.96000000e+04	9.00701320e+03	1.09070555e+02	2.50194811e+00	2.50000000e+02	2.88150000e+02	0.00000000e+00	5.44774597e-06	2.08594181e-03	2.54255430e+01	2.40358230e-03	1.25129914e+00	4.28724832e-01	0.00000000e+00	6.06780176e-02	1.51022236e-01
2.41958786e+10	9.96000000e+04	9.31083058e+03	1.08482557e+02	2.58634183e+00	2.50000000e+02	2.88150000e+02	0.00000000e+00	5.44127443e-06	2.09698079e-03	2.52872471e+01	2.40953411e-03	1.25843422e+00	4.42423561e-01	0.00000000e+00	6.06748397e-02	1.51014327e-01
2.41958786e+10	9.96000000e+04	9.60418732e+03	1.07901236e+02	2.66782981e+00	2.50000000e+02	2.88150000e+02	0.00000000e+00	5.43278881e-06	2.10776177e-03	2.51495988e+01	2.41584254e-03	1.26553620e+00	4.56121381e-01	0.00000000e+00	6.06717712e-02	1.51006689e-01
2.41958786e+10	9.96000000e+04	9.91061356e+03	1.07280153e+02	2.75294821e+00	2.50000000e+02	2.88150000e+02	0.00000000e+00	5.42243181e-06	2.11825756e-03	2.50125961e+01	2.42248420e-03	1.27260653e+00	4.69818323e-01	0.00000000e+00	6.06685660e-02	1.50998712e-01
2.41958786e+10	9.96000000e+04	1.02077659e+04	1.06664690e+02	2.83549053e+00	2.50000000e+02	2.88150000e+02	0.00000000e+00	5.41030354e-06	2.12844595e-03	2.48762373e+01	2.42941899e-03	1.27964649e+00	4.83514347e-01	0.00000000e+00	6.06654578e-02	1.50990976e-01
2.41958786e+10	9.96000000e+04	1.05142949e+04	1.06016578e+02	2.92063746e+00	2.50000000e+02	2.88150000e+02	0.00000000e+00	5.39653853e-06	2.13831473e-03	2.47405207e+01	2.43663088e-03	1.28665734e+00	4.97209483e-01	0.00000000e+00	6.06622515e-02	1.50982996e-01
2.41958786e+10	9.96000000e+04	1.08128434e+04	1.05372776e+02	3.00356762e+00	2.50000000e+02	2.88150000e+02	0.00000000e+00	5.38123687e-06	2.14785541e-03	2.46054445e+01	2.44409052e-03	1.29364023e+00	5.10903701e-01	0.00000000e+00	6.06740279e-02	1.51012306e-01
2.41958786e+10	9.96000000e+04	1.11279357e+04	1.04680227e+02	3.09109324e+00	2.50000000e+02	2.88150000e+02	0.00000000e+00	5.36466964e-06	2.15708150e-03	2.44710054e+01	2.45240541e-03	1.30059891e+00	5.24600408e-01	0.00000000e+00	6.10362609e-02	1.51913872e-01
2.41958786e+10	9.96000000e+04	1.14263770e+04	1.04012245e+02	3.17399360e+00	2.50000000e+02	2.88150000e+02	0.00000000e+00	5.35026464e-06	2.16636094e-03	2.43371671e+01	2.47560248e-03	1.30759681e+00	5.38379165e-01	0.00000000e+00	6.13793517e-02	1.52767795e-01
2.41958786e+10	9.96000000e+04	1.17060361e+04	1.03375977e+02	3.25167669e+00	2.50000000e+02	2.88150000e+02	0.00000000e+00	5.33526671e-06	2.17611953e-03	2.42039195e+01	2.49910951e-03	1.31464281e+00	5.52235635e-01	0.00000000e+00	6.17008504e-02	1.53567977e-01
2.41958786e+10	9.96000000e+04	1.20226759e+04	1.02643853e+02	3.33963218e+00	2.50000000e+02	2.88150000e+02	0.00000000e+00	5.31976962e-06	2.18646322e-03	2.40712612e+01	2.52255418e-03	1.32173275e+00	5.66164928e-01	0.00000000e+00	6.20648624e-02	1.54473971e-01
2.41958786e+10	9.96000000e+04	1.23321423e+04	1.01916637e+02	3.42559507e+00	2.50000000e+02	2.88150000e+02	0.00000000e+00	5.30433322e-06	2.19737886e-03	2.39391853e+01	2.54849995e-03	1.32887406e+00	5.80176674e-01	0.00000000e+00	6.24206278e-02	1.55359439e-01
2.41958786e+10	9.96000000e+04	1.26076540e+04	1.01259779e+02	3.50212612e+00	2.50000000e+02	2.88150000e+02	0.00000000e+00	5.28854052e-06	2.20882334e-03	2.38076883e+01	2.57485393e-03	1.33606744e+00	5.94269004e-01	0.00000000e+00	6.27373586e-02	1.56147755e-01
2.41958786e+10	9.96000000e+04	1.29329994e+04	1.00473011e+02	3.59249982e+00	2.50000000e+02	2.88150000e+02	0.00000000e+00	5.27210041e-06	2.22068534e-03	2.36767707e+01	2.60020141e-03	1.34330648e+00	6.08433077e-01	0.00000000e+00	6.31113786e-02	1.57078657e-01
2.41958786e+10	9.96000000e+04	1.32017955e+04	9.98141840e+01	3.66716541e+00	2.50000000e+02	2.88150000e+02	0.00000000e+00	5.25579047e-06	2.23287638e-03	2.35464254e+01	2.62850616e-03	1.35060055e+00	6.22681869e-01	2.11927015e-08	6.34203891e-02	1.57847757e-01
2.41958786e+10	9.96000000e+04	1.35104480e+04	9.90481304e+01	3.75290222e+00	2.50000000e+02	2.88150000e+02	3.54282278e-19	5.24714925e-06	2.24533312e-03	2.34166590e+01	2.65625822e-03	1.35793462e+00	6.37000654e-01	2.43233072e-08	6.37752189e-02	1.58730897e-01
2.41958786e+10	9.96000000e+04	1.38077858e+04	9.83007995e+01	3.83549606e+00	2.50000000e+02	2.88150000e+02	4.04373748e-19	5.22976204e-06	2.25765564e-03	2.32874618e+01	2.68496696e-03	1.36532321e+00	6.51399813e-01	2.73773992e-08	6.41170412e-02	1.59581663e-01
2.41958786e+10	9.96000000e+04	1.41161645e+04	9.75163151e+01	3.92115679e+00	2.50000000e+02	2.88150000e+02	4.52633833e-19	5.21195649e-06	2.27017769e-03	2.31588321e+01	2.71365180e-03	1.37276441e+00	6.65876398e-01	3.05833254e-08	6.44715561e-02	1.60464019e-01
2.41958786e+10	9.96000000e+04	1.44079420e+04	9.67655156e+01	4.00220612e+00	2.50110306e+02	2.88150022e+02	5.02841676e-19	5.19394441e-06	2.28283091e-03	2.30307664e+01	2.74338771e-03	1.38026017e+00	6.80433283e-01	1.28076747e-05	6.48270220e-02	1.61277583e-01
2.41958786e+10	9.96000000e+04	1.47038750e+04	9.59957960e+01	4.08440971e+00	2.54220486e+02	2.88150844e+02	1.07096088e-16	5.44242405e-06	2.32091851e-03	2.29062174e+01	3.92007880e-03	1.38653431e+00	6.95064269e-01	2.61976514e-05	6.59137937e-02	1.61330057e-01
2.41958786e+10	9.96000000e+04	1.50141333e+04	9.51801951e+01	4.17059259e+00	2.58529629e+02	2.88151706e+02	2.17658730e-16	5.79241378e-06	2.41407727e-03	2.27861653e+01	5.30983374e-03	1.39234388e+00	7.09702195e-01	4.03857749e-05	6.70531734e-02	1.61383279e-01
2.41958786e+10	9.96000000e+04	1.53121051e+04	9.43888471e+01	4.25336253e+00	2.62668126e+02	2.88152534e+02	3.33701544e-16	6.29100530e-06	2.56745322e-03	2.26702742e+01	6.98931956e-03	1.39764311e+00	7.24347161e-01	5.41519961e-05	6.81474325e-02	1.61432750e-01
2.41958786e+10	9.96000000e+04	1.56003590e+04	9.36160423e+01	4.33343306e+00	2.66671653e+02	2.88153334e+02	4.45147012e-16	6.93185859e-06	2.76892380e-03	2.25576926e+01	8.85148691e-03	1.40263213e+00	7.38998671e-01	6.75956418e-05	6.92060042e-02	1.61479146e-01
2.41958786e+10	9.96000000e+04	1.59112643e+04	9.27747549e+01	4.41979564e+00	2.70989782e+02	2.88154198e+02	5.52893046e-16	7.69760630e-06	2.99398325e-03	2.24477797e+01	1.08460552e-02	1.40746627e+00	7.53656317e-01	8.22306051e-05	7.03477596e-02	1.61527651e-01
2.41958786e+10	9.96000000e+04	1.62074262e+04	9.19661172e+01	4.50206282e+00	2.75103141e+02	2.88155021e+02	6.69337319e-16	8.58770410e-06	3.21398397e-03	2.23405770e+01	1.30659273e-02	1.41213046e+00	7.68320380e-01	9.62975984e-05	7.14353720e-02	1.61572440e-01
2.41958786e+10	9.96000000e+04	1.65103047e+04	9.11320684e+01	4.58619576e+00	2.79309788e+02	2.88155862e+02	7.80120396e-16	9.49012405e-06	3.40510910e-03	2.22356600e+01	1.52546918e-02	1.41690757e+00	7.82990366e-01	1.10806640e-04	7.25476506e-02	1.61616880e-01
2.41958786e+10	9.96000000e+04	1.68106934e+04	9.02980439e+01	4.66963706e+00	2.83481853e+02	2.88156696e+02	8.93492220e-16	1.03813345e-05	3.55260309e-03	2.21332146e+01	1.74851340e-02	1.42172980e+00	7.97666231e-01	1.25315257e-04	7.36507854e-02	1.61659653e-01
2.41958786e+10	9.96000000e+04	1.71172691e+04	8.94400601e+01	4.75479697e+00	2.87739848e+02	2.88157548e+02	1.00589227e-15	1.12165947e-05	3.65289810e-03	2.20332555e+01	1.97124853e-02	1.42662536e+00	8.12347753e-01	1.96908888e-04	7.47766410e-02	1.61702027e-01
2.41958786e+10	9.96000000e+04	1.74055883e+04	8.86271254e+01	4.83488563e+00	2.91744281e+02	2.88158349e+02	1.72802410e-15	1.42220095e-05	3.64788175e-03	2.19461772e+01	2.94361009e-02	1.42437210e+00	8.27034881e-01	2.93322930e-04	7.58354522e-02	1.61740749e-01
2.41958786e+10	9.96000000e+04	1.77033469e+04	8.77816324e+01	4.91759635e+00	2.95879817e+02	2.88159176e+02	2.71244864e-15	1.79363170e-05	3.50485531e-03	2.18688495e+01	4.33381985e-02	1.41808606e+00	8.41727130e-01	3.93598399e-04	7.69289284e-02	1.61779639e-01
2.41958786e+10	9.96000000e+04	1.80114569e+04	8.69006036e+01	5.00318247e+00	3.00795618e+02	2.88162673e+02	3.73040928e-15	2.09190312e-05	3.24130972e-03	2.17973822e+01	5.82552659e-02	1.41076566e+00	8.56424523e-01	4.98088412e-04	7.81087561e-02	1.61576330e-01
2.41958786e+10	9.96000000e+04	1.83162592e+04	8.60230998e+01	5.08784979e+00	3.21962446e+02	2.88233794e+02	4.78587914e-15	2.29845590e-05	2.91493958e-03	2.17311785e+01	7.39518221e-02	1.40257898e+00	8.71105058e-01	6.02160358e-04	8.05140788e-02	1.55602343e-01
2.41958786e+10	9.96000000e+04	1.86013669e+04	8.51971397e+01	5.16704635e+00	3.41761588e+02	2.88300319e+02	5.83470974e-15	2.42037261e-05	2.59643881e-03	2.16732520e+01	8.95135175e-02	1.39401708e+00	8.85244157e-01	7.00119212e-04	8.27639824e-02	1.50684178e-01
2.41958786e+10	9.96000000e+04	1.89129181e+04	8.42890752e+01	5.25358837e+00	3.63397093e+02	2.88373014e+02	6.81809514e-15	2.47047456e-05	2.30689452e-03	2.16209939e+01	1.04333043e-01	1.38577419e+00	8.98937510e-01	8.07815661e-04	8.52225637e-02	1.45922636e-01
2.41958786e+10	9.96000000e+04	1.92037724e+04	8.34363368e+01	5.33438124e+00	3.83595309e+02	2.88440880e+02	7.89886474e-15	2.51059703e-05	2.05710557e-03	2.15758211e+01	1.20309493e-01	1.37600938e+00	9.12199314e-01	9.08950431e-04	8.75178166e-02	1.41962196e-01
2.41958786e+10	9.96000000e+04	1.95068608e+04	8.25427822e+01	5.41857245e+00	4.04643113e+02	2.88511601e+02	8.91070898e-15	2.52156854e-05	1.85100988e-03	2.15344566e+01	1.35385672e-01	1.36685194e+00	9.25102173e-01	1.01492600e-03	8.99096138e-02	1.38255845e-01
2.41958786e+10	9.96000000e+04	1.98025979e+04	8.16662105e+01	5.50072164e+00	4.25180409e+02	2.88580606e+02	9.97054947e-15	2.53819491e-05	1.68466983e-03	2.14978333e+01	1.50837455e-01	1.35706496e+00	9.37669117e-01	1.20376718e-03	9.22433986e-02	1.34993100e-01
2.41958786e+10	9.96000000e+04	2.01156638e+04	8.07334202e+01	5.58768438e+00	4.46921094e+02	2.88653655e+02	1.34593858e-14	2.66361276e-05	1.53128227e-03	2.14762924e+01	1.76382619e-01	1.33693036e+00	9.49940350e-01	1.40935418e-03	9.47139321e-02	1.31865910e-01
2.41958786e+10	9.96000000e+04	2.04074479e+04	7.98597153e+01	5.66873554e+00	4.67183884e+02	2.88721738e+02	1.73066532e-14	2.77161194e-05	1.39267238e-03	2.14614925e+01	2.03773238e-01	1.31468272e+00	9.61928158e-01	1.60191875e-03	9.70165231e-02	1.29213347e-01
2.41958786e+10	9.96000000e+04	2.07138550e+04	7.89379107e+01	5.75384862e+00	4.88462156e+02	2.88793233e+02	2.09085021e-14	2.84744064e-05	1.28213615e-03	2.14483926e+01	2.28926603e-01	1.29445344e+00	9.73675559e-01	1.80508451e-03	9.94345097e-02	1.26664740e-01
2.41958786e+10	9.96000000e+04	2.10155356e+04	7.80261806e+01	5.83764877e+00	5.09412192e+02	2.88863625e+02	2.47119012e-14	2.93727080e-05	1.19782386e-03	2.14394191e+01	2.54367032e-01	1.27373284e+00	9.85191972e-01	2.00602983e-03	1.01815197e-01	1.24363459e-01
2.41958786e+10	9.96000000e+04	2.13142199e+04	7.71196203e+01	5.92061665e+00	5.30154163e+02	2.88933318e+02	2.84762592e-14	3.02745157e-05	1.13282977e-03	2.14329535e+01	2.78732704e-01	1.25390181e+00	9.96499816e-01	2.20583574e-03	1.04172240e-01	1.22264211e-01
2.41958786e+10	9.96000000e+04	2.16072000e+04	7.62267741e+01	6.00200000e+00	5.50599999e+02	2.89007500e+02	3.22229977e-14	3.12019371e-05	1.08231832e-03	2.14288965e+01	3.02134517e-01	1.23486699e+00	1.00761740e+00	2.40261906e-03	1.06487064e-01	1.20340044e-01
2.41958786e+10	9.96000000e+04	2.19135696e+04	7.52894745e+01	6.08710266e+00	5.76130799e+02	2.89326635e+02	3.59183192e-14	3.21375296e-05	1.04268151e-03	2.14268881e+01	3.24409083e-01	1.21680715e+00	1.01856059e+00	2.60919991e-03	1.09023712e-01	1.17746876e-01
2.41958786e+10	9.96000000e+04	2.22160854e+04	7.43604673e+01	6.17113483e+00	6.01340449e+02	2.89641756e+02	3.98501391e-14	3.33811883e-05	1.02192362e-03	2.14277738e+01	3.45661919e-01	1.19956358e+00	1.02926895e+00	2.82810809e-03	1.11528452e-01	1.15402384e-01
2.41958786e+10	9.96000000e+04	2.25007773e+04	7.34831662e+01	6.25021591e+00	6.25064772e+02	2.89938310e+02	4.73459969e-14	3.49349482e-05	1.01268542e-03	2.14327991e+01	3.67150852e-01	1.18183169e+00	1.03976498e+00	3.04088287e-03	1.13885615e-01	1.13368754e-01
2.41958786e+10	9.96000000e+04	2.28046206e+04	7.25437593e+01	6.33461683e+00	6.50385050e+02	2.90254813e+02	5.59867382e-14	3.65766144e-05	1.01081555e-03	2.14401606e+01	3.87216757e-01	1.16527884e+00	1.05007684e+00	3.26872036e-03	1.16401347e-01	1.11361989e-01
2.41958786e+10	9.96000000e+04	2.31113380e+04	7.15923906e+01	6.41981611e+00	6.75944832e+02	2.90574310e+02	6.52832877e-14	3.84672523e-05	1.01546494e-03	2.14518574e+01	4.07595547e-01	1.14815941e+00	1.06020696e+00	3.49945900e-03	1.18940875e-01	1.09488725e-01
2.41958786e+10	9.96000000e+04	2.34166999e+04	7.06423170e+01	6.50463886e+00	7.01391657e+02	2.90892396e+02	7.47469264e-14	4.04652154e-05	1.02423441e-03	2.14669095e+01	4.27283330e-01	1.13147959e+00	1.07016743e+00	3.72988354e-03	1.21469180e-01	1.07759366e-01
2.41958786e+10	9.96000000e+04	2.37117232e+04	6.97218026e+01	6.58658977e+00	7.25976931e+02	2.91199712e+02	8.42502644e-14	4.25519651e-05	1.03673362e-03	2.14850314e+01	4.46025169e-01	1.11550154e+00	1.07997129e+00	3.95313899e-03	1.23911884e-01	1.06203704e-01
2.41958786e+10	9.96000000e+04	2.40107421e+04	6.87863546e+01	6.66965059e+00	7.50895176e+02	2.91511190e+02	9.35123631e-14	4.46624864e-05	1.05197162e-03	2.15056491e+01	4.63373829e-01	1.10068586e+00	1.08963427e+00	4.18001632e-03	1.26387671e-01	1.04730920e-01
2.41958786e+10	9.96000000e+04	2.43108025e+04	6.78453011e+01	6.75300069e+00	7.75900208e+02	2.91823753e+02	1.02983540e-13	4.69262948e-05	1.07109690e-03	2.15296708e+01	4.80150830e-01	1.08621011e+00	1.09916387e+00	4.40825318e-03	1.28872081e-01	1.03348100e-01
2.41958786e+10	9.96000000e+04	2.46046648e+04	6.69215507e+01	6.83462911e+00	8.00388733e+02	2.92129859e+02	1.12575794e-13	4.93227309e-05	1.09357601e-03	2.15570389e+01	4.96223162e-01	1.07220569e+00	1.10856823e+00	4.61509416e-03	1.31305173e-01	1.02077586e-01
2.41958786e+10	9.96000000e+04	2.49014644e+04	6.59865664e+01	6.91707345e+00	8.25122034e+02	2.92439025e+02	1.26031891e-13	5.18842105e-05	1.12369842e-03	2.15861618e+01	5.09954148e-01	1.06028717e+00	1.11785754e+00	4.81405879e-03	1.33762585e-01	1.00870922e-01
2.41958786e+10	9.96000000e+04	2.52128053e+04	6.50037713e+01	7.00355702e+00	8.50960394e+02	2.92761311e+02	1.42153469e-13	5.46873791e-05	1.16061409e-03	2.16182853e+01	5.22374092e-01	1.04939935e+00	1.12703756e+00	5.02319752e-03	1.36286184e-01	9.96533736e-02
2.41958786e+10	9.96000000e+04	2.55054330e+04	6.40783260e+01	7.08484249e+00	8.72907472e+02	2.93019799e+02	1.59218840e-13	5.77972600e-05	1.20258951e-03	2.16550174e+01	5.34744638e-01	1.03825704e+00	1.13610729e+00	5.22013223e-03	1.37470244e-01	9.79918631e-02
2.41958786e+10	9.96000000e+04	2.58033373e+04	6.31346285e+01	7.16759371e+00	8.95250301e+02	2.93282948e+02	1.75393872e-13	6.07908163e-05	1.24281146e-03	2.16951018e+01	5.46061677e-01	1.02781866e+00	1.14502564e+00	5.42095101e-03	1.38675656e-01	9.63840728e-02
2.41958786e+10	9.96000000e+04	2.61194025e+04	6.21318423e+01	7.25538958e+00	9.18955187e+02	2.93562139e+02	1.92016665e-13	6.39842547e-05	1.28703545e-03	2.17393941e+01	5.56976413e-01	1.01743084e+00	1.15379752e+00	5.63434387e-03	1.39954551e-01	9.47637445e-02
2.41958786e+10	9.96000000e+04	2.64041217e+04	6.12272805e+01	7.33447826e+00	9.40309130e+02	2.93813641e+02	2.09817305e-13	6.75249069e-05	1.33719954e-03	2.17887604e+01	5.67926843e-01	1.00663098e+00	1.16242178e+00	5.82683458e-03	1.41106611e-01	9.33740574e-02
2.41958786e+10	9.96000000e+04	2.67063168e+04	6.02660802e+01	7.41842135e+00	9.62973764e+02	2.94080580e+02	2.26061205e-13	7.08837428e-05	1.38629382e-03	2.18412118e+01	5.77170503e-01	9.97189818e-01	1.17091943e+00	6.03137794e-03	1.42329384e-01	9.19664954e-02
2.41958786e+10	9.96000000e+04	2.70005104e+04	5.93293782e+01	7.50014179e+00	9.85038284e+02	2.94340451e+02	2.43465040e-13	7.45904164e-05	1.44136070e-03	2.18988411e+01	5.86422025e-01	9.87374821e-01	1.17928885e+00	6.20397270e-03	1.43519780e-01	9.06584257e-02
2.41958786e+10	9.96000000e+04	2.73148002e+04	5.83278281e+01	7.58744451e+00	1.00861002e+03	2.94618074e+02	2.64602119e-13	7.82755203e-05	1.50115277e-03	2.19591895e+01	5.93244780e-01	9.79614265e-01	1.18753910e+00	6.37717414e-03	1.44791492e-01	8.93242314e-02
2.41958786e+10	9.96000000e+04	2.76116716e+04	5.73811363e+01	7.66990877e+00	1.03087537e+03	2.94880310e+02	2.89095045e-13	8.23218474e-05	1.56915049e-03	2.20244497e+01	5.99405177e-01	9.72110143e-01	1.19566780e+00	6.54088874e-03	1.45992723e-01	8.81200164e-02
2.41958786e+10	9.96000000e+04	2.79164398e+04	5.64087835e+01	7.75456662e+00	1.05373299e+03	2.95149522e+02	3.12546076e-13	8.63404942e-05	1.63816987e-03	2.20943409e+01	6.04643818e-01	9.65130694e-01	1.20368679e+00	6.70904100e-03	1.47225908e-01	8.69367073e-02
2.41958786e+10	9.96000000e+04	2.82149570e+04	5.54560804e+01	7.83748807e+00	1.07612178e+03	2.95413212e+02	3.36891687e-13	9.06246370e-05	1.71260977e-03	2.21697598e+01	6.09567515e-01	9.58057979e-01	1.21159798e+00	6.87379517e-03	1.48433799e-01	8.58264016e-02
2.41958786e+10	9.96000000e+04	2.85087382e+04	5.45183830e+01	7.91909394e+00	1.09815536e+03	2.95672719e+02	3.61064717e-13	9.50107521e-05	1.79016368e-03	2.22505078e+01	6.13852217e-01	9.51214701e-01	1.21940802e+00	7.03595433e-03	1.49622526e-01	8.47779125e-02
2.41958786e+10	9.96000000e+04	2.88261071e+04	5.35054806e+01	8.00725196e+00	1.12130535e+03	2.95948783e+02	3.85189406e-13	9.95155630e-05	1.87118634e-03	2.23367538e+01	6.17542916e-01	9.44555349e-01	1.22712253e+00	7.21111896e-03	1.50828099e-01	8.36966131e-02
2.41958786e+10	9.96000000e+04	2.91155654e+04	5.25819214e+01	8.08765707e+00	1.13577827e+03	2.96157032e+02	4.11492948e-13	1.04504791e-04	1.96115241e-03	2.24296642e+01	6.21244404e-01	9.37443723e-01	1.23473855e+00	7.37083317e-03	1.51127892e-01	8.27943289e-02
2.41958786e+10	9.96000000e+04	2.94138620e+04	5.16306258e+01	8.17051721e+00	1.15069310e+03	2.96371640e+02	4.35884484e-13	1.09166096e-04	2.04689174e-03	2.25279469e+01	6.24167450e-01	9.30680140e-01	1.24227245e+00	7.50277130e-03	1.51436839e-01	8.18882421e-02
2.41958786e+10	9.96000000e+04	2.97092813e+04	5.06891710e+01	8.25257815e+00	1.16546407e+03	2.96584177e+02	4.64501006e-13	1.13773682e-04	2.13870643e-03	2.26304791e+01	6.25210237e-01	9.25369672e-01	1.24972391e+00	7.63030703e-03	1.51742805e-01	8.10137513e-02
2.41958786e+10	9.96000000e+04	3.00028189e+04	4.97545780e+01	8.33411636e+00	1.18014094e+03	2.96795361e+02	4.93557116e-13	1.18465848e-04	2.23525696e-03	2.27386631e+01	6.25628389e-01	9.20249686e-01	1.25709578e+00	7.75691321e-03	1.52046823e-01	8.01665130e-02
2.41958786e+10	9.96000000e+04	3.03154434e+04	4.87604061e+01	8.42095650e+00	1.19577217e+03	2.97020277e+02	5.22861040e-13	1.23284877e-04	2.33695830e-03	2.28528781e+01	6.25593677e-01	9.15140761e-01	1.26439056e+00	7.89159034e-03	1.52370609e-01	7.92870544e-02
2.41958786e+10	9.96000000e+04	3.06186847e+04	4.77975041e+01	8.50519019e+00	1.21093423e+03	2.97238443e+02	5.54373127e-13	1.28509715e-04	2.44857675e-03	2.29739371e+01	6.25374833e-01	9.09745579e-01	1.27160531e+00	8.02203145e-03	1.52684677e-01	7.84556850e-02
2.41958786e+10	9.96000000e+04	3.09017096e+04	4.69003036e+01	8.58380823e+00	1.22508548e+03	2.97442063e+02	5.85502651e-13	1.33787027e-04	2.56476365e-03	2.31016025e+01	6.24572459e-01	9.04458436e-01	1.27874441e+00	8.14357218e-03	1.52977807e-01	7.76983074e-02
2.41958786e+10	9.96000000e+04	3.12003190e+04	4.59555358e+01	8.66675527e+00	1.24001595e+03	2.97656896e+02	6.15237434e-13	1.38957385e-04	2.68306253e-03	2.32356746e+01	6.23071385e-01	8.99406680e-01	1.28581458e+00	8.27155671e-03	1.53287077e-01	7.69179664e-02
2.41958786e+10	9.96000000e+04	3.15265624e+04	4.49258209e+01	8.75737845e+00	1.25632812e+03	2.97891610e+02	6.46936039e-13	1.44499508e-04	2.81155902e-03	2.33770715e+01	6.21326606e-01	8.94115853e-01	1.29281374e+00	8.40859586e-03	1.53624968e-01	7.60866122e-02
2.41958786e+10	9.96000000e+04	3.18151714e+04	4.40173600e+01	8.83754761e+00	1.27075857e+03	2.98099248e+02	6.81839586e-13	1.50568773e-04	2.95378462e-03	2.35265194e+01	6.19337859e-01	8.88549863e-01	1.29973726e+00	8.50162229e-03	1.53923881e-01	7.53689527e-02
2.41958786e+10	9.96000000e+04	3.21125073e+04	4.30841750e+01	8.92014091e+00	1.28562536e+03	2.98313165e+02	7.14190983e-13	1.55793485e-04	3.09094717e-03	2.36814224e+01	6.15346408e-01	8.84518008e-01	1.30659546e+00	8.59718047e-03	1.54231833e-01	7.46464417e-02
2.41958786e+10	9.96000000e+04	3.24137120e+04	4.21420342e+01	9.00380888e+00	1.30038089e+03	2.98527732e+02	7.47955899e-13	1.61251686e-04	3.23740856e-03	2.38436667e+01	6.11045635e-01	8.80327190e-01	1.31338792e+00	8.69365572e-03	1.54552492e-01	7.39528568e-02
2.41958786e+10	9.96000000e+04	3.27152845e+04	4.12023346e+01	9.08757903e+00	1.30875790e+03	2.98697785e+02	7.82690495e-13	1.66883533e-04	3.39240805e-03	2.40134980e+01	6.06409917e-01	8.75992914e-01	1.32011726e+00	8.78988100e-03	1.55056182e-01	7.37189753e-02
2.41958786e+10	9.96000000e+04	3.30245281e+04	4.02428929e+01	9.17348003e+00	1.31734800e+03	2.98872164e+02	8.17916925e-13	1.72412687e-04	3.54893286e-03	2.41909749e+01	6.01724007e-01	8.71246005e-01	1.32682515e+00	8.88812786e-03	1.55572684e-01	7.34822335e-02
2.41958786e+10	9.96000000e+04	3.33061708e+04	3.93731481e+01	9.25171410e+00	1.32517141e+03	2.99030980e+02	8.54517388e-13	1.78145991e-04	3.71591299e-03	2.43761611e+01	5.96723608e-01	8.66348272e-01	1.33351136e+00	8.97718976e-03	1.56043086e-01	7.32692922e-02
2.41958786e+10	9.96000000e+04	3.36244119e+04	3.83955466e+01	9.34011441e+00	1.33401144e+03	2.99210432e+02	8.89028161e-13	1.83632106e-04	3.88529681e-03	2.45686378e+01	5.91166052e-01	8.61554599e-01	1.34017804e+00	9.07729620e-03	1.56574616e-01	7.30316855e-02
2.41958786e+10	9.96000000e+04	3.39261354e+04	3.74742724e+01	9.42392651e+00	1.34239265e+03	2.99380571e+02	9.27811222e-13	1.89682409e-04	4.07287729e-03	2.47695745e+01	5.85500878e-01	8.56395031e-01	1.34682295e+00	9.17099321e-03	1.57078558e-01	7.28093012e-02
2.41958786e+10	9.96000000e+04	3.42139209e+04	3.66011458e+01	9.50386692e+00	1.35038669e+03	2.99542850e+02	9.65606718e-13	1.95605016e-04	4.26633872e-03	2.49786000e+01	5.79333705e-01	8.51264812e-01	1.35344747e+00	9.23863142e-03	1.57559221e-01	7.25997620e-02
2.41958786e+10	9.96000000e+04	3.45030500e+04	3.57299778e+01	9.58418057e+00	1.35841806e+03	2.99705887e+02	1.00159959e-12	2.00908886e-04	4.46043277e-03	2.51944507e+01	5.72030671e-01	8.46846289e-01	1.36005279e+00	9.30611791e-03	1.58042128e-01	7.23917280e-02
2.41958786e+10	9.96000000e+04	3.48222972e+04	3.47757858e+01	9.67286032e+00	1.36728603e+03	2.99885906e+02	1.03836428e-12	2.06258951e-04	4.66422987e-03	2.54180378e+01	5.64464564e-01	8.42277505e-01	1.36663905e+00	9.38003598e-03	1.58575338e-01	7.21648626e-02
2.41958786e+10	9.96000000e+04	3.51156430e+04	3.39068624e+01	9.75434529e+00	1.37543453e+03	3.00051321e+02	1.07870521e-12	2.11991482e-04	4.88590276e-03	2.56500184e+01	5.56726976e-01	8.37457163e-01	1.37320451e+00	9.44734858e-03	1.59065287e-01	7.19589824e-02
2.41958786e+10	9.96000000e+04	3.54226217e+04	3.30064172e+01	9.83961715e+00	1.38396171e+03	3.00224423e+02	1.11721715e-12	2.17450759e-04	5.11160813e-03	2.58900157e+01	5.48639333e-01	8.32574186e-01	1.37975110e+00	9.51710308e-03	1.59578006e-01	7.17461301e-02
2.41958786e+10	9.96000000e+04	3.57156923e+04	3.21560410e+01	9.92102564e+00	1.39210256e+03	3.00389682e+02	1.15772074e-12	2.23079192e-04	5.35175419e-03	2.61384134e+01	5.40345805e-01	8.27495059e-01	1.38627818e+00	9.58297889e-03	1.60067496e-01	7.15453545e-02
2.41958786e+10	9.96000000e+04	3.60055942e+04	3.13246271e+01	1.00015539e+01	1.40011655e+03	3.00552253e+02	1.19754243e-12	2.28540490e-04	5.59916869e-03	2.63950315e+01	5.31778069e-01	8.22301353e-01	1.39278686e+00	9.64738575e-03	1.60561808e-01	7.13555214e-02
2.41958786e+10	9.96000000e+04	3.63150335e+04	3.04489325e+01	1.00875093e+01	1.40656320e+03	3.00676888e+02	1.23770403e-12	2.33934755e-04	5.85645834e-03	2.66598788e+01	5.22997006e-01	8.16951207e-01	1.39927814e+00	9.71522289e-03	1.61638112e-01	7.15046096e-02
2.41958786e+10	9.96000000e+04	3.66265321e+04	2.95808700e+01	1.01740367e+01	1.41305275e+03	3.00802353e+02	1.28011371e-12	2.39189325e-04	6.11734373e-03	2.69330865e+01	5.14387186e-01	8.11062583e-01	1.40578251e+00	9.77291263e-03	1.62721578e-01	7.16533161e-02
2.41958786e+10	9.96000000e+04	3.69272074e+04	2.87570503e+01	1.02575576e+01	1.41931682e+03	3.00923459e+02	1.32111702e-12	2.44085705e-04	6.38488785e-03	2.72136995e+01	5.05332103e-01	8.05303105e-01	1.41229995e+00	9.81794809e-03	1.63767399e-01	7.17955659e-02
2.41958786e+10	9.96000000e+04	3.72161588e+04	2.79796511e+01	1.03378219e+01	1.42533664e+03	3.01039842e+02	1.35943430e-12	2.48454640e-04	6.65505892e-03	2.75011517e+01	4.95853558e-01	7.99701472e-01	1.41882989e+00	9.86044590e-03	1.64772441e-01	7.19310909e-02
2.41958786e+10	9.96000000e+04	3.75257945e+04	2.71636625e+01	1.04238318e+01	1.43178738e+03	3.01164556e+02	1.39725572e-12	2.52593073e-04	6.93196302e-03	2.77954728e+01	4.86276573e-01	7.93962474e-01	1.42537173e+00	9.90505326e-03	1.65849428e-01	7.20750525e-02
2.41958786e+10	9.96000000e+04	3.78079421e+04	2.64369347e+01	1.05022061e+01	1.43766546e+03	3.01278199e+02	1.43713862e-12	2.56768158e-04	7.22343041e-03	2.80968209e+01	4.76655811e-01	7.88057108e-01	1.43192623e+00	9.94478104e-03	1.66830805e-01	7.22051088e-02
2.41958786e+10	9.96000000e+04	3.81151290e+04	2.56657082e+01	1.05875358e+01	1.44406519e+03	3.01401927e+02	1.47519864e-12	2.60551530e-04	7.51748985e-03	2.84047502e+01	4.66958556e-01	7.82040761e-01	1.43849215e+00	9.98694141e-03	1.67899274e-01	7.23455032e-02
2.41958786e+10	9.96000000e+04	3.84064634e+04	2.49553469e+01	1.06684621e+01	1.45013465e+03	3.01519270e+02	1.51552310e-12	2.64370250e-04	7.82684891e-03	2.87194015e+01	4.57257709e-01	7.75875959e-01	1.44507041e+00	1.00257745e-02	1.68912605e-01	7.24775075e-02
2.41958786e+10	9.96000000e+04	3.87055629e+04	2.42494142e+01	1.07515452e+01	1.45636589e+03	3.01639741e+02	1.55484693e-12	2.67861807e-04	8.14091880e-03	2.90404259e+01	4.47534681e-01	7.69605631e-01	1.45166027e+00	1.00643655e-02	1.69952944e-01	7.26118855e-02
2.41958786e+10	9.96000000e+04	3.90207492e+04	2.35335593e+01	1.08390970e+01	1.46293227e+03	3.01766691e+02	1.59491362e-12	2.71201597e-04	8.46514879e-03	2.93676967e+01	4.37830436e-01	7.63226112e-01	1.45826193e+00	1.01034988e-02	1.71049237e-01	7.27522522e-02
2.41958786e+10	9.96000000e+04	3.93064419e+04	2.29118672e+01	1.09184561e+01	1.46888421e+03	3.01881761e+02	1.63620330e-12	2.74430305e-04	8.80140143e-03	2.97011652e+01	4.28162954e-01	7.56754685e-01	1.46487593e+00	1.01374847e-02	1.72042945e-01	7.28783998e-02
2.41958786e+10	9.96000000e+04	3.96052402e+04	2.22918223e+01	1.10014556e+01	1.47503639e+03	3.02001252e+02	1.67530007e-12	2.77171309e-04	9.13666460e-03	3.00402545e+01	4.18536341e-01	7.50214228e-01	1.47150102e+00	1.01674944e-02	1.73073884e-01	7.30093237e-02
2.41958786e+10	9.96000000e+04	3.99021634e+04	2.17088771e+01	1.10839343e+01	1.47709836e+03	3.02072183e+02	1.71356804e-12	2.79584506e-04	9.47793133e-03	3.03845192e+01	4.08913090e-01	7.43699591e-01	1.47813761e+00	1.01884805e-02	1.73633340e-01	7.31430771e-02
2.41958786e+10	9.96000000e+04	4.02202097e+04	2.11243860e+01	1.11722805e+01	1.47930701e+03	3.02148161e+02	1.74806300e-12	2.81089717e-04	9.79730236e-03	3.07328478e+01	3.99502082e-01	7.36984278e-01	1.48478644e+00	1.02095221e-02	1.74232597e-01	7.32859321e-02
2.41958786e+10	9.96000000e+04	4.05022236e+04	2.06434887e+01	1.12506177e+01	1.48126544e+03	3.02215531e+02	1.78319109e-12	2.82416380e-04	1.01236394e-02	3.10848230e+01	3.90219125e-01	7.30216775e-01	1.49144833e+00	1.02268344e-02	1.74763962e-01	7.34122464e-02
2.41958786e+10	9.96000000e+04	4.08267947e+04	2.01369865e+01	1.13407763e+01	1.48351941e+03	3.02293068e+02	1.81618038e-12	2.83314100e-04	1.04463014e-02	3.14399250e+01	3.81077477e-01	7.23407410e-01	1.49812178e+00	1.02450685e-02	1.75375513e-01	7.35572092e-02
2.41958786e+10	9.96000000e+04	4.11167261e+04	1.97301143e+01	1.14213128e+01	1.48553282e+03	3.02362329e+02	1.85037095e-12	2.84103230e-04	1.07780350e-02	3.17980346e+01	3.72086130e-01	7.16597340e-01	1.50480848e+00	1.02597158e-02	1.75921796e-01	7.36863289e-02
2.41958786e+10	9.96000000e+04	4.14277257e+04	1.93447570e+01	1.15077016e+01	1.48769254e+03	3.02436623e+02	1.88239163e-12	2.84469862e-04	1.11046224e-02	3.21586646e+01	3.63268464e-01	7.09780597e-01	1.51150699e+00	1.02735887e-02	1.76507775e-01	7.38244428e-02
2.41958786e+10	9.96000000e+04	4.17236720e+04	1.90300611e+01	1.15899089e+01	1.48974772e+03	3.02507322e+02	1.91428113e-12	2.84620736e-04	1.14344674e-02	3.25215339e+01	3.54624987e-01	7.03001156e-01	1.51821813e+00	1.02849177e-02	1.77065391e-01	7.39554997e-02
2.41958786e+10	9.96000000e+04	4.20253568e+04	1.87642017e+01	1.16737102e+01	1.49184276e+03	3.02579391e+02	1.94463353e-12	2.84428686e-04	1.17605349e-02	3.28862397e+01	3.46178519e-01	6.96258799e-01	1.52494125e+00	1.02944887e-02	1.77633820e-01	7.40887262e-02
2.41958786e+10	9.96000000e+04	4.23042546e+04	1.85698525e+01	1.17511818e+01	1.49377955e+03	3.02646016e+02	1.97398871e-12	2.83963536e-04	1.20852044e-02	3.32524294e+01	3.37930502e-01	6.89585962e-01	1.53167656e+00	1.02944887e-02	1.78159314e-01	7.42115573e-02
2.41958786e+10	9.96000000e+04	4.26023614e+04	1.84185934e+01	1.18339893e+01	1.49584973e+03	3.02717231e+02	1.99634968e-12	2.82863489e-04	1.23944596e-02	3.36192085e+01	3.29794410e-01	6.83109341e-01	1.53842310e+00	1.03069305e-02	1.78721001e-01	7.43424966e-02
2.41958786e+10	9.96000000e+04	4.29147336e+04	1.83242536e+01	1.19207593e+01	1.49801898e+03	3.02791853e+02	2.02824648e-12	2.82117850e-04	1.27191108e-02	3.39872603e+01	3.22101986e-01	6.76489663e-01	1.54518162e+00	1.03069305e-02	1.79309567e-01	7.44793136e-02
2.41958786e+10	9.96000000e+04	4.32233787e+04	1.82965110e+01	1.20064941e+01	1.50000000e+03	3.02861883e+02	2.05089598e-12	2.80697254e-04	1.30283427e-02	3.43554747e+01	3.14438760e-01	6.70196500e-01	1.55195264e+00	1.03069305e-02	1.79868998e-01	7.46130132e-02
2.41958786e+10	9.96000000e+04	4.35188122e+04	1.83312020e+01	1.20885589e+01	1.50000000e+03	3.02885682e+02	2.07352133e-12	2.79069884e-04	1.33314021e-02	3.47237455e+01	3.07065151e-01	6.63975963e-01	1.55873592e+00	1.03069305e-02	1.80146232e-01	7.47280151e-02
2.41958786e+10	9.96000000e+04	4.38187951e+04	1.84273717e+01	1.21718875e+01	1.50000000e+03	3.02909847e+02	2.09569953e-12	2.77023847e-04	1.36052742e-02	3.50914614e+01	3.00140074e-01	6.57569871e-01	1.56552993e+00	1.03069305e-02	1.80427736e-01	7.48447878e-02
2.41958786e+10	9.96000000e+04	4.41216683e+04	1.85857867e+01	1.22560190e+01	1.50000000e+03	3.02934245e+02	2.11782385e-12	2.74867836e-04	1.38755065e-02	3.54581406e+01	2.93440196e-01	6.51237781e-01	1.57233485e+00	1.03069305e-02	1.80711951e-01	7.49626856e-02
2.41958786e+10	9.96000000e+04	4.44197964e+04	1.88003652e+01	1.23388323e+01	1.50000000e+03	3.02958261e+02	2.13988426e-12	2.72612847e-04	1.41419432e-02	3.58236349e+01	2.86962912e-01	6.44991975e-01	1.57915078e+00	1.02931868e-02	1.80991714e-01	7.50787364e-02
2.41958786e+10	9.96000000e+04	4.47145876e+04	1.90677937e+01	1.24207188e+01	1.50000000e+03	3.02982008e+02	2.15073964e-12	2.69722176e-04	1.43850682e-02	3.61869353e+01	2.80512721e-01	6.39077856e-01	1.58597756e+00	1.02835594e-02	1.81268345e-01	7.51934882e-02
2.41958786e+10	9.96000000e+04	4.50257680e+04	1.94071368e+01	1.25071578e+01	1.50000000e+03	3.03007076e+02	2.16460790e-12	2.66908120e-04	1.46276227e-02	3.65482921e+01	2.74366367e-01	6.33215929e-01	1.59281505e+00	1.02713430e-02	1.81560356e-01	7.53146197e-02
2.41958786e+10	9.96000000e+04	4.53168533e+04	1.97749402e+01	1.25880148e+01	1.50000000e+03	3.03030524e+02	2.17607652e-12	2.63931009e-04	1.48617257e-02	3.69074121e+01	2.68409310e-01	6.27531237e-01	1.59966385e+00	1.02581021e-02	1.81833509e-01	7.54279289e-02
2.41958786e+10	9.96000000e+04	4.56258233e+04	2.02155320e+01	1.26738398e+01	1.50000000e+03	3.03055414e+02	2.18634678e-12	2.60849132e-04	1.50873248e-02	3.72641588e+01	2.62673472e-01	6.21989764e-01	1.60652324e+00	1.02422408e-02	1.82123446e-01	7.55482000e-02
2.41958786e+10	9.96000000e+04	4.59063756e+04	2.06576067e+01	1.27517710e+01	1.50000000e+03	3.03078014e+02	2.19407446e-12	2.57626359e-04	1.53037438e-02	3.76182996e+01	2.57121095e-01	6.16640569e-01	1.61339386e+00	1.02263262e-02	1.82386715e-01	7.56574091e-02
2.41958786e+10	9.96000000e+04	4.62242466e+04	2.12034747e+01	1.28400685e+01	1.50000000e+03	3.03103620e+02	2.20133178e-12	2.54355973e-04	1.55121345e-02	3.79697788e+01	2.51797032e-01	6.11427736e-01	1.62027468e+00	1.02066749e-02	1.82685005e-01	7.57811451e-02
2.41958786e+10	9.96000000e+04	4.65042219e+04	2.17210455e+01	1.29178394e+01	1.50000000e+03	3.03126173e+02	2.20501097e-12	2.50932018e-04	1.57102652e-02	3.83183229e+01	2.46626932e-01	6.06441940e-01	1.62716706e+00	1.01880424e-02	1.82947733e-01	7.58901296e-02
2.41958786e+10	9.96000000e+04	4.68273721e+04	2.23579173e+01	1.30076034e+01	1.50000000e+03	3.03147795e+02	2.20906866e-12	2.47516109e-04	1.59011889e-02	3.86639779e+01	2.41691705e-01	6.01582035e-01	1.63406962e+00	1.01651150e-02	1.83264823e-01	7.60216644e-02
2.41958786e+10	9.96000000e+04	4.71097321e+04	2.29463331e+01	1.30860367e+01	1.50000000e+03	3.03125049e+02	2.20891538e-12	2.43930265e-04	1.60785091e-02	3.90064257e+01	2.36905173e-01	5.96939160e-01	1.64098447e+00	1.01356005e-02	1.83672627e-01	7.61908291e-02
2.41958786e+10	9.96000000e+04	4.74155033e+04	2.36143458e+01	1.31709731e+01	1.50000000e+03	3.03100418e+02	2.20487679e-12	2.39964458e-04	1.62159441e-02	3.93450309e+01	2.32361761e-01	5.92305887e-01	1.64791514e+00	1.00990825e-02	1.84114243e-01	7.63740196e-02
2.41958786e+10	9.96000000e+04	4.77206755e+04	2.43103400e+01	1.32557432e+01	1.50000000e+03	3.03075834e+02	2.19543370e-12	2.35791483e-04	1.63370570e-02	3.96792088e+01	2.27900357e-01	5.87881909e-01	1.65486295e+00	1.00610348e-02	1.84554994e-01	7.65568513e-02
2.41958786e+10	9.96000000e+04	4.80179824e+04	2.50141181e+01	1.33383284e+01	1.50000000e+03	3.03051885e+02	2.18410118e-12	2.31608771e-04	1.64501287e-02	4.00089551e+01	2.23586983e-01	5.83606301e-01	1.66182787e+00	1.00225617e-02	1.84984385e-01	7.67349708e-02
2.41958786e+10	9.96000000e+04	4.83294068e+04	2.57761551e+01	1.34248352e+01	1.50000000e+03	3.03026798e+02	2.17172644e-12	2.27462730e-04	1.65571509e-02	4.03343110e+01	2.19429273e-01	5.79469317e-01	1.66880944e+00	9.98090364e-03	1.85434166e-01	7.69215482e-02
2.41958786e+10	9.96000000e+04	4.86287207e+04	2.65304078e+01	1.35079780e+01	1.50000000e+03	3.03002686e+02	2.15612646e-12	2.23259679e-04	1.66530942e-02	4.06551510e+01	2.15393542e-01	5.75504237e-01	1.67580848e+00	9.93967118e-03	1.85866455e-01	7.71008701e-02
2.41958786e+10	9.96000000e+04	4.89195340e+04	2.72819507e+01	1.35887594e+01	1.50000000e+03	3.02979260e+02	2.14012963e-12	2.19130684e-04	1.67444318e-02	4.09715803e+01	2.11514573e-01	5.71672402e-01	1.68282429e+00	9.89858684e-03	1.86286468e-01	7.72750993e-02
2.41958786e+10	9.96000000e+04	4.92211588e+04	2.80792173e+01	1.36725441e+01	1.50000000e+03	3.02954962e+02	2.12353476e-12	2.15069760e-04	1.68307847e-02	4.12836752e+01	2.07783168e-01	5.67975468e-01	1.68985640e+00	9.85500295e-03	1.86722096e-01	7.74558057e-02
2.41958786e+10	9.96000000e+04	4.95260244e+04	2.89018334e+01	1.37572290e+01	1.50000000e+03	3.02930404e+02	2.10421530e-12	2.10989232e-04	1.69073252e-02	4.15913579e+01	2.04166342e-01	5.64442408e-01	1.69690541e+00	9.81003328e-03	1.87162404e-01	7.76384537e-02
2.41958786e+10	9.96000000e+04	4.98231099e+04	2.97182499e+01	1.38397527e+01	1.50000000e+03	3.02906472e+02	2.08304333e-12	2.06929119e-04	1.69760760e-02	4.18946289e+01	2.00671984e-01	5.61061583e-01	1.70397151e+00	9.76540253e-03	1.87591475e-01	7.78164405e-02
2.41958786e+10	9.96000000e+04	5.01191366e+04	3.05450005e+01	1.39219824e+01	1.50000000e+03	3.02882625e+02	2.06142105e-12	2.02949067e-04	1.70403614e-02	4.21935871e+01	1.97312846e-01	5.57812627e-01	1.71105427e+00	9.70778083e-03	1.88019018e-01	7.79937931e-02
2.41958786e+10	9.96000000e+04	5.04253918e+04	3.14130018e+01	1.40070533e+01	1.50000000e+03	3.02853934e+02	2.03418555e-12	1.98708274e-04	1.70849146e-02	4.24876564e+01	1.93919784e-01	5.54879379e-01	1.71815361e+00	9.64053966e-03	1.88496416e-01	7.81918269e-02
2.41958786e+10	9.96000000e+04	5.07192999e+04	3.22570703e+01	1.40886944e+01	1.50000000e+03	3.02783723e+02	2.00160838e-12	1.94276170e-04	1.71089456e-02	4.27765087e+01	1.90555896e-01	5.52200525e-01	1.72527143e+00	9.57515248e-03	1.89326987e-01	7.85363633e-02
2.41958786e+10	9.96000000e+04	5.10293750e+04	3.31582622e+01	1.41748264e+01	1.50000000e+03	3.02709649e+02	1.96909852e-12	1.89866488e-04	1.71062959e-02	4.30601671e+01	1.87448689e-01	5.49434769e-01	1.73242081e+00	9.50534015e-03	1.90203246e-01	7.88998516e-02
2.41958786e+10	9.96000000e+04	5.13122239e+04	3.39890641e+01	1.42533955e+01	1.50000000e+03	3.02642080e+02	1.93265779e-12	1.85422462e-04	1.70905754e-02	4.33382741e+01	1.84400078e-01	5.46801463e-01	1.73960350e+00	9.44098069e-03	1.91002564e-01	7.92314238e-02
2.41958786e+10	9.96000000e+04	5.16183573e+04	3.48968194e+01	1.43384326e+01	1.50000000e+03	3.02568948e+02	1.89926184e-12	1.81248721e-04	1.70827107e-02	4.36112618e+01	1.81496506e-01	5.44220777e-01	1.74681658e+00	9.37065991e-03	1.91867684e-01	7.95902914e-02
2.41958786e+10	9.96000000e+04	5.19125857e+04	3.57769253e+01	1.44201627e+01	1.50000000e+03	3.02498660e+02	1.86085766e-12	1.76997629e-04	1.70588580e-02	4.38788963e+01	1.78631981e-01	5.41791725e-01	1.75406253e+00	9.30248104e-03	1.92699160e-01	7.99352033e-02
2.41958786e+10	9.96000000e+04	5.22218045e+04	3.67092202e+01	1.45060568e+01	1.50000000e+03	3.02424791e+02	1.82320130e-12	1.72908731e-04	1.70357566e-02	4.41414160e+01	1.75878713e-01	5.39447781e-01	1.76134009e+00	9.23025926e-03	1.93572998e-01	8.02976878e-02
2.41958786e+10	9.96000000e+04	5.25246277e+04	3.76288666e+01	1.45901744e+01	1.50000000e+03	3.02352450e+02	1.78188162e-12	1.68799518e-04	1.70004243e-02	4.43986994e+01	1.73178096e-01	5.37243613e-01	1.76865087e+00	9.15580426e-03	1.94428764e-01	8.06526751e-02
2.41958786e+10	9.96000000e+04	5.28129984e+04	3.85101646e+01	1.46702773e+01	1.50000000e+03	3.02283561e+02	1.74021850e-12	1.64750773e-04	1.69606664e-02	4.46507690e+01	1.70533723e-01	5.35182280e-01	1.77599417e+00	9.06555930e-03	1.95243686e-01	8.09907203e-02
2.41958786e+10	9.96000000e+04	5.31022097e+04	3.93989681e+01	1.47506138e+01	1.50000000e+03	3.02214472e+02	1.69827898e-12	1.60516306e-04	1.69074635e-02	4.48970835e+01	1.67768889e-01	5.33462625e-01	1.78336844e+00	8.97454580e-03	1.96060984e-01	8.13297508e-02
2.41958786e+10	9.96000000e+04	5.34032356e+04	4.03288469e+01	1.48342321e+01	1.50000000e+03	3.02142560e+02	1.65516448e-12	1.56359072e-04	1.68481905e-02	4.51378717e+01	1.65089578e-01	5.31877048e-01	1.79077379e+00	8.87932617e-03	1.96911670e-01	8.16826311e-02
2.41958786e+10	9.96000000e+04	5.37178777e+04	4.13054799e+01	1.49216327e+01	1.50000000e+03	3.02067396e+02	1.60890346e-12	1.52191149e-04	1.67764955e-02	4.53730271e+01	1.62458644e-01	5.30460402e-01	1.79821146e+00	8.77931891e-03	1.97800835e-01	8.20514733e-02
2.41958786e+10	9.96000000e+04	5.40039219e+04	4.21970963e+01	1.50010894e+01	1.50000000e+03	3.01998420e+02	1.55914281e-12	1.47998523e-04	1.66910176e-02	4.56024255e+01	1.59868462e-01	5.29221544e-01	1.80568293e+00	8.68801736e-03	1.98599228e-01	8.23826614e-02
2.41958786e+10	9.96000000e+04	5.43044026e+04	4.31371660e+01	1.50845563e+01	1.50000000e+03	3.01877393e+02	1.51372462e-12	1.44115961e-04	1.66171075e-02	4.58266357e+01	1.57449864e-01	5.28023020e-01	1.81318476e+00	8.59175419e-03	1.98685628e-01	8.24185017e-02
2.41958786e+10	9.96000000e+04	5.46089744e+04	4.40932680e+01	1.51691596e+01	1.50000000e+03	3.01754719e+02	1.46443362e-12	1.40105462e-04	1.65048451e-02	4.60453127e+01	1.55149776e-01	5.26754890e-01	1.82069024e+00	8.49384931e-03	1.98773204e-01	8.24548300e-02
2.41958786e+10	9.96000000e+04	5.49254339e+04	4.50897466e+01	1.52570650e+01	1.50000000e+03	3.01627256e+02	1.41352746e-12	1.36146576e-04	1.63859771e-02	4.62582894e+01	1.52881205e-01	5.25538629e-01	1.82819942e+00	8.38884226e-03	1.98864198e-01	8.24925761e-02
2.41958786e+10	9.96000000e+04	5.52163011e+04	4.60080657e+01	1.53378614e+01	1.50000000e+03	3.01510101e+02	1.35964049e-12	1.32132579e-04	1.62533150e-02	4.64653256e+01	1.50583814e-01	5.24443570e-01	1.83571245e+00	8.26444066e-03	1.98947834e-01	8.25272698e-02
2.41958786e+10	9.96000000e+04	5.55279746e+04	4.69943287e+01	1.54244374e+01	1.50000000e+03	3.01384566e+02	1.31079824e-12	1.27975939e-04	1.61164282e-02	4.66658307e+01	1.48057052e-01	5.23718864e-01	1.84322901e+00	8.13083493e-03	1.99037452e-01	8.25644451e-02
2.41958786e+10	9.96000000e+04	5.58044005e+04	4.78707523e+01	1.55012223e+01	1.50000000e+03	3.01273228e+02	1.25730727e-12	1.23714198e-04	1.59583758e-02	4.68597075e+01	1.45495021e-01	5.23169085e-01	1.85074937e+00	8.01210876e-03	1.99116935e-01	8.25974162e-02
2.41958786e+10	9.96000000e+04	5.61219436e+04	4.88792265e+01	1.55894288e+01	1.50000000e+03	3.01145328e+02	1.20982719e-12	1.19872525e-04	1.58238534e-02	4.70478211e+01	1.43137729e-01	5.22570795e-01	1.85827309e+00	7.87549414e-03	1.99208241e-01	8.26352916e-02
2.41958786e+10	9.96000000e+04	5.64091134e+04	4.97925496e+01	1.56691982e+01	1.50000000e+03	3.01029663e+02	1.15388524e-12	1.15741229e-04	1.56516622e-02	4.72293532e+01	1.40653235e-01	5.22239825e-01	1.86580067e+00	7.75176932e-03	1.99290814e-01	8.26695442e-02
2.41958786e+10	9.96000000e+04	5.67032072e+04	5.07289538e+01	1.57508909e+01	1.50000000e+03	3.00911208e+02	1.10314293e-12	1.11973100e-04	1.54988547e-02	4.74050879e+01	1.38353603e-01	5.21885544e-01	1.87333174e+00	7.62491778e-03	1.99375377e-01	8.27046227e-02
2.41958786e+10	9.96000000e+04	5.70178507e+04	5.17317320e+01	1.58382918e+01	1.50000000e+03	3.00784477e+02	1.05052531e-12	1.08230265e-04	1.53360600e-02	4.75749218e+01	1.36071967e-01	5.21664255e-01	1.88086638e+00	7.48907479e-03	1.99465849e-01	8.27421523e-02
2.41958786e+10	9.96000000e+04	5.73171942e+04	5.26864271e+01	1.59214428e+01	1.50000000e+03	3.00663908e+02	9.93416293e-13	1.04387385e-04	1.51506510e-02	4.77385248e+01	1.33748215e-01	5.21639025e-01	1.88840485e+00	7.35276065e-03	1.99551922e-01	8.27778569e-02
2.41958786e+10	9.96000000e+04	5.76156434e+04	5.36387170e+01	1.60043454e+01	1.50000000e+03	3.00541222e+02	9.40245159e-13	1.00680473e-04	1.49704588e-02	4.78960596e+01	1.31445483e-01	5.21761135e-01	1.89594697e+00	7.18807794e-03	1.99589066e-01	8.27932649e-02
2.41958786e+10	9.96000000e+04	5.79030647e+04	5.45560555e+01	1.60841846e+01	1.50000000e+03	3.00379947e+02	8.92898221e-13	9.67343587e-05	1.47760696e-02	4.80465836e+01	1.28801618e-01	5.22399101e-01	1.90349084e+00	7.02943950e-03	1.98777445e-01	8.24565894e-02
2.41958786e+10	9.96000000e+04	5.82169336e+04	5.55578662e+01	1.61713704e+01	1.50000000e+03	3.00203832e+02	8.46864266e-13	9.29323423e-05	1.45663438e-02	4.81906935e+01	1.26337846e-01	5.22913247e-01	1.91100386e+00	6.85619300e-03	1.97891141e-01	8.20889340e-02
2.41958786e+10	9.96000000e+04	5.85165999e+04	5.65142135e+01	1.62546111e+01	1.50000000e+03	3.00035686e+02	7.96001154e-13	8.89591051e-05	1.43251560e-02	4.83276336e+01	1.23735126e-01	5.23638914e-01	1.91848320e+00	6.69080863e-03	1.97044943e-01	8.17379150e-02
2.41958786e+10	9.96000000e+04	5.88017072e+04	5.74238112e+01	1.63338076e+01	1.50000000e+03	2.99875709e+02	7.47235037e-13	8.52183231e-05	1.40920981e-02	4.84579122e+01	1.21239209e-01	5.24358211e-01	1.92593038e+00	6.53350883e-03	1.96239856e-01	8.14039500e-02
2.41958786e+10	9.96000000e+04	5.91153284e+04	5.84238729e+01	1.64209246e+01	1.50000000e+03	2.99699732e+02	7.00670646e-13	8.17112767e-05	1.38689610e-02	4.85819411e+01	1.18852682e-01	5.25074492e-01	1.93334695e+00	6.36056480e-03	1.95354251e-01	8.10365848e-02
2.41958786e+10	9.96000000e+04	5.94009080e+04	5.93338966e+01	1.65002522e+01	1.50000000e+03	2.99539491e+02	6.49012100e-13	7.80205465e-05	1.36114297e-02	4.86990561e+01	1.16307825e-01	5.26050009e-01	1.94072987e+00	6.20319132e-03	1.94547831e-01	8.07020665e-02
2.41958786e+10	9.96000000e+04	5.97179545e+04	6.03433195e+01	1.65883207e+01	1.50000000e+03	2.99361592e+02	6.01908920e-13	7.46767324e-05	1.33758040e-02	4.88101113e+01	1.13961401e-01	5.26954687e-01	1.94808213e+00	6.01494141e-03	1.93652554e-01	8.03306890e-02
2.41958786e+10	9.96000000e+04	6.00240127e+04	6.13167123e+01	1.66733369e+01	1.50000000e+03	2.99189860e+02	5.53934554e-13	7.10289311e-05	1.31059023e-02	4.89138531e+01	1.11220246e-01	5.28370810e-01	1.95540037e+00	5.80780348e-03	1.92788306e-01	7.99721828e-02
2.41958786e+10	9.96000000e+04	6.03087143e+04	6.22211095e+01	1.67524206e+01	1.50000000e+03	2.99030110e+02	5.16256109e-13	6.73867840e-05	1.28470849e-02	4.90100427e+01	1.08173297e-01	5.30233856e-01	1.96268576e+00	5.61534780e-03	1.91984365e-01	7.96386931e-02
2.41958786e+10	9.96000000e+04	6.06001034e+04	6.31455365e+01	1.68333621e+01	1.50000000e+03	2.98866609e+02	4.81167502e-13	6.40472072e-05	1.26047684e-02	4.90997110e+01	1.05314247e-01	5.32054496e-01	1.96994059e+00	5.41862978e-03	1.91161540e-01	7.92973698e-02
2.41958786e+10	9.96000000e+04	6.09132729e+04	6.41375310e+01	1.69203536e+01	1.50000000e+03	2.98690886e+02	4.45139423e-13	6.07289919e-05	1.23498503e-02	4.91826540e+01	1.02400602e-01	5.34070592e-01	1.97716415e+00	5.20753341e-03	1.90277211e-01	7.89305337e-02
2.41958786e+10	9.96000000e+04	6.12167540e+04	6.50971633e+01	1.70046539e+01	1.50000000e+03	2.98517900e+02	4.06289367e-13	5.72855673e-05	1.20640456e-02	4.92583693e+01	9.92948167e-02	5.36429202e-01	1.98435409e+00	5.00332371e-03	1.89362391e-01	7.85510496e-02
2.41958786e+10	9.96000000e+04	6.15221424e+04	6.60610034e+01	1.70894840e+01	1.50000000e+03	2.98297342e+02	3.68613073e-13	5.40122757e-05	1.17782272e-02	4.93273328e+01	9.62784695e-02	5.38859156e-01	1.99150926e+00	4.79821859e-03	1.87445584e-01	7.77559220e-02
2.41958786e+10	9.96000000e+04	6.18111773e+04	6.69714015e+01	1.71697715e+01	1.50000000e+03	2.98088594e+02	3.30606266e-13	5.07751696e-05	1.14654650e-02	4.93895036e+01	9.32969045e-02	5.41310700e-01	1.99859137e+00	4.60448592e-03	1.85631421e-01	7.70033736e-02
2.41958786e+10	9.96000000e+04	6.21114759e+04	6.79152483e+01	1.72531877e+01	1.50000000e+03	2.97871712e+02	2.94669646e-13	4.77699412e-05	1.11625653e-02	4.94453383e+01	9.04439353e-02	5.43726764e-01	2.00560434e+00	4.39128865e-03	1.83746560e-01	7.62214982e-02
2.41958786e+10	9.96000000e+04	6.24178939e+04	6.88760428e+01	1.73383039e+01	1.50000000e+03	2.97650410e+02	2.64071774e-13	4.47437326e-05	1.08628454e-02	4.94941433e+01	8.72287191e-02	5.46580316e-01	2.01254548e+00	4.15826395e-03	1.81823290e-01	7.54236898e-02
2.41958786e+10	9.96000000e+04	6.27177085e+04	6.98137446e+01	1.74215857e+01	1.50000000e+03	2.97433877e+02	2.41593485e-13	4.17439291e-05	1.05808888e-02	4.95356594e+01	8.36051710e-02	5.49906844e-01	2.01941331e+00	3.93083999e-03	1.79941467e-01	7.46430745e-02
2.41958786e+10	9.96000000e+04	6.30156221e+04	7.07430131e+01	1.75043395e+01	1.50000000e+03	2.97218717e+02	2.19636616e-13	3.88916017e-05	1.03010077e-02	4.95705683e+01	8.00017745e-02	5.53291222e-01	2.02620943e+00	3.70546137e-03	1.78071576e-01	7.38674089e-02
2.41958786e+10	9.96000000e+04	6.33083780e+04	7.16536351e+01	1.75856606e+01	1.50000000e+03	2.97007283e+02	1.97863588e-13	3.61374467e-05	1.00163666e-02	4.95989867e+01	7.63659731e-02	5.56793895e-01	2.03293428e+00	3.48460517e-03	1.76234058e-01	7.31051720e-02
2.41958786e+10	9.96000000e+04	6.36037748e+04	7.25697573e+01	1.76677152e+01	1.50000000e+03	2.96793940e+02	1.76523397e-13	3.35037603e-05	9.72924650e-03	4.96211607e+01	7.27364435e-02	5.60385852e-01	2.03958910e+00	3.26241499e-03	1.74379964e-01	7.23360593e-02
2.41958786e+10	9.96000000e+04	6.39104364e+04	7.35177758e+01	1.77528990e+01	1.50000000e+03	2.96572463e+02	1.55055574e-13	3.09256725e-05	9.43092277e-03	4.96370681e+01	6.90147664e-02	5.64171569e-01	2.04617325e+00	3.03248887e-03	1.72455165e-01	7.15376168e-02
2.41958786e+10	9.96000000e+04	6.42145740e+04	7.44547741e+01	1.78373817e+01	1.50000000e+03	2.96352808e+02	1.32849991e-13	2.83359093e-05	9.11010728e-03	4.96464960e+01	6.50837707e-02	5.68277250e-01	2.05268405e+00	2.80523555e-03	1.70546208e-01	7.07457458e-02
2.41958786e+10	9.96000000e+04	6.45161207e+04	7.53804669e+01	1.79211446e+01	1.50000000e+03	2.96135024e+02	1.10923858e-13	2.58411126e-05	8.77899365e-03	4.96497397e+01	6.11116190e-02	5.72548032e-01	2.05912210e+00	2.58914518e-03	1.68653513e-01	6.99606209e-02
2.41958786e+10	9.96000000e+04	6.48109153e+04	7.62820804e+01	1.80030320e+01	1.50000000e+03	2.95920358e+02	9.43733974e-14	2.36081045e-05	8.48419243e-03	4.96473817e+01	5.72294771e-02	5.76813044e-01	2.06548801e+00	2.39042955e-03	1.66802693e-01	6.91928662e-02
2.41958786e+10	9.96000000e+04	6.51036284e+04	7.71738988e+01	1.80843412e+01	1.50000000e+03	2.95661795e+02	8.53624045e-14	2.17245528e-05	8.25795592e-03	4.96402301e+01	5.35468985e-02	5.80896267e-01	2.07178340e+00	2.19387276e-03	1.64951887e-01	6.84251174e-02
2.41958786e+10	9.96000000e+04	6.54022006e+04	7.80798932e+01	1.81672780e+01	1.50000000e+03	2.95398056e+02	7.64454319e-14	1.99193800e-05	8.02807419e-03	4.96283252e+01	4.98423884e-02	5.84975958e-01	2.07800865e+00	1.99419158e-03	1.63064034e-01	6.76420007e-02
2.41958786e+10	9.96000000e+04	6.57138651e+04	7.90214820e+01	1.82538514e+01	1.50000000e+03	2.95122752e+02	6.74055866e-14	1.81398219e-05	7.78905931e-03	4.96115454e+01	4.59726322e-02	5.89215308e-01	2.08416236e+00	1.78666539e-03	1.61093399e-01	6.68245448e-02
2.41958786e+10	9.96000000e+04	6.60191982e+04	7.99396720e+01	1.83386662e+01	1.50000000e+03	2.94853042e+02	5.80342739e-14	1.63467655e-05	7.53231355e-03	4.95896908e+01	4.18320939e-02	5.93723728e-01	2.09024140e+00	1.58429630e-03	1.59162798e-01	6.60236952e-02
2.41958786e+10	9.96000000e+04	6.63142137e+04	8.08226512e+01	1.84206149e+01	1.50000000e+03	2.94592445e+02	4.89207308e-14	1.46439793e-05	7.27047256e-03	4.95631729e+01	3.76747254e-02	5.98259251e-01	2.09624728e+00	1.38968766e-03	1.57297434e-01	6.52499074e-02
2.41958786e+10	9.96000000e+04	6.66163620e+04	8.17225437e+01	1.85045450e+01	1.50000000e+03	2.94325547e+02	4.01821774e-14	1.30512996e-05	7.00683327e-03	4.95322974e+01	3.35585326e-02	6.02764666e-01	2.10218248e+00	1.19135135e-03	1.55386969e-01	6.44574111e-02
2.41958786e+10	9.96000000e+04	6.69135927e+04	8.26032377e+01	1.85871091e+01	1.50000000e+03	2.94062993e+02	3.13058864e-14	1.14821800e-05	6.72549228e-03	4.94968398e+01	2.92350053e-02	6.07476848e-01	2.10804528e+00	1.00775598e-03	1.53507598e-01	6.36778131e-02
2.41958786e+10	9.96000000e+04	6.72053728e+04	8.34632209e+01	1.86681591e+01	1.50000000e+03	2.93805254e+02	2.33647926e-14	1.00690267e-05	6.44525461e-03	4.94575655e+01	2.51195870e-02	6.11966363e-01	2.11383686e+00	9.05761973e-04	1.51662691e-01	6.29125113e-02
2.41958786e+10	9.96000000e+04	6.75010528e+04	8.43299158e+01	1.87502924e+01	1.50000000e+03	2.93544070e+02	2.08877437e-14	9.27749135e-06	6.27020345e-03	4.94178021e+01	2.28177558e-02	6.14541528e-01	2.11955853e+00	8.02971966e-04	1.49793126e-01	6.21369806e-02
2.41958786e+10	9.96000000e+04	6.78022932e+04	8.52077739e+01	1.88339703e+01	1.50000000e+03	2.93277974e+02	1.84003584e-14	8.53413932e-06	6.11871682e-03	4.93758615e+01	2.04402964e-02	6.17063459e-01	2.12520935e+00	6.98858000e-04	1.47888402e-01	6.13468656e-02
2.41958786e+10	9.96000000e+04	6.81025666e+04	8.60774649e+01	1.89173796e+01	1.50000000e+03	2.93012733e+02	1.58905340e-14	7.80548112e-06	5.96584863e-03	4.93317126e+01	1.79764993e-02	6.19535310e-01	2.13078800e+00	5.95712648e-04	1.45989792e-01	6.05592871e-02
2.41958786e+10	9.96000000e+04	6.84060947e+04	8.69509556e+01	1.90016930e+01	1.50000000e+03	2.92743651e+02	1.34136182e-14	7.09757855e-06	5.80456465e-03	4.92854117e+01	1.54837134e-02	6.21891413e-01	2.13629470e+00	4.92116663e-04	1.44076420e-01	5.97655846e-02
2.41958786e+10	9.96000000e+04	6.87102402e+04	8.78203418e+01	1.90861778e+01	1.50000000e+03	2.92426833e+02	1.09359463e-14	6.39987042e-06	5.62753721e-03	4.92368726e+01	1.29318231e-02	6.24137470e-01	2.14172890e+00	3.89007462e-04	1.42443587e-01	5.90882550e-02
2.41958786e+10	9.96000000e+04	6.90021108e+04	8.86489080e+01	1.91672530e+01	1.50000000e+03	2.92122801e+02	8.47841380e-15	5.71276314e-06	5.42231527e-03	4.91860562e+01	1.03586179e-02	6.26195397e-01	2.14710114e+00	2.90739521e-04	1.40876653e-01	5.84382614e-02
2.41958786e+10	9.96000000e+04	6.93084215e+04	8.95122151e+01	1.92523393e+01	1.50000000e+03	2.91803728e+02	6.14694408e-15	5.06752190e-06	5.19428974e-03	4.91330289e+01	7.86934015e-03	6.27949291e-01	2.15241394e+00	1.88351301e-04	1.39232196e-01	5.77561101e-02
2.41958786e+10	9.96000000e+04	6.96028168e+04	9.03356979e+01	1.93341158e+01	1.50000000e+03	2.91497066e+02	3.72986259e-15	4.41950818e-06	4.92290496e-03	4.90772013e+01	5.26047845e-03	6.29489493e-01	2.15766435e+00	1.24660232e-04	1.37651707e-01	5.71004940e-02
2.41958786e+10	9.96000000e+04	6.99047442e+04	9.11736745e+01	1.94179845e+01	1.50000000e+03	2.91182558e+02	2.26121990e-15	3.96176906e-06	4.61471947e-03	4.90205729e+01	3.62813068e-03	6.29898515e-01	2.16285480e+00	1.10082863e-04	1.36030783e-01	5.64281042e-02
2.41958786e+10	9.96000000e+04	7.02164929e+04	9.20316824e+01	1.95045814e+01	1.50000000e+03	2.90857820e+02	1.99170050e-15	3.72254913e-06	4.30246512e-03	4.89651656e+01	3.23011168e-03	6.29213337e-01	2.16798375e+00	9.51570316e-05	1.34357131e-01	5.57338424e-02
2.41958786e+10	9.96000000e+04	7.05055894e+04	9.28205620e+01	1.95848860e+01	1.50000000e+03	2.90556678e+02	1.71718649e-15	3.51547107e-06	4.03480059e-03	4.89097844e+01	2.84130773e-03	6.28522375e-01	2.17304920e+00	8.14337503e-05	1.32805090e-01	5.50900268e-02
2.41958786e+10	9.96000000e+04	7.08094542e+04	9.36424665e+01	1.96692928e+01	1.50000000e+03	2.90240152e+02	1.46589734e-15	3.34412046e-06	3.81471717e-03	4.88543682e+01	2.48937908e-03	6.27802274e-01	2.17805577e+00	6.71359695e-05	1.31173764e-01	5.44133225e-02
2.41958786e+10	9.96000000e+04	7.11071524e+04	9.44402241e+01	1.97519868e+01	1.50000000e+03	2.89930050e+02	1.20546247e-15	3.18887887e-06	3.61965788e-03	4.87987767e+01	2.12966524e-03	6.27079210e-01	2.18300045e+00	5.32582462e-05	1.29575544e-01	5.37503510e-02
2.41958786e+10	9.96000000e+04	7.14126744e+04	9.52510078e+01	1.98368540e+01	1.50000000e+03	2.89611798e+02	9.53916794e-16	3.04807825e-06	3.44028255e-03	4.87429790e+01	1.78414051e-03	6.26347349e-01	2.18788449e+00	3.91539231e-05	1.27935322e-01	5.30699560e-02
2.41958786e+10	9.96000000e+04	7.17119236e+04	9.60370932e+01	1.99199788e+01	1.50000000e+03	2.89300080e+02	6.99585003e-16	2.91412371e-06	3.26580214e-03	4.86869015e+01	1.43761277e-03	6.25619837e-01	2.19270631e+00	2.54792487e-05	1.26328774e-01	5.24035304e-02
2.41958786e+10	9.96000000e+04	7.20124951e+04	9.68183695e+01	2.00034709e+01	1.49566143e+03	2.88997050e+02	4.54246035e-16	2.78782545e-06	3.09368556e-03	4.86305241e+01	1.10570349e-03	6.24894829e-01	2.19746718e+00	1.18882331e-05	1.24780227e-01	5.19113113e-02
2.41958786e+10	9.96000000e+04	7.23026204e+04	9.75643702e+01	2.00840612e+01	1.39492349e+03	2.88928548e+02	2.11675440e-16	2.66732257e-06	2.92143268e-03	4.85736680e+01	7.82945171e-04	6.24198843e-01	2.20218294e+00	3.03869404e-08	1.24734182e-01	5.56396795e-02
2.41958786e+10	9.96000000e+04	7.26080386e+04	9.83407994e+01	2.01688996e+01	1.28887550e+03	2.88856435e+02	1.05626501e-18	2.57855885e-06	2.77773609e-03	4.85133953e+01	5.45538073e-04	6.23905333e-01	2.20723759e+00	2.72139330e-08	1.24685711e-01	6.01942821e-02
2.41958786e+10	9.96000000e+04	7.29091805e+04	9.90971448e+01	2.02525501e+01	1.18431233e+03	2.88785332e+02	9.44411978e-19	2.52583195e-06	2.64843685e-03	4.84498692e+01	5.82585020e-04	6.23844549e-01	2.21270623e+00	2.41230017e-08	1.24637918e-01	6.54837371e-02
2.41958786e+10	9.96000000e+04	7.32041279e+04	9.98287867e+01	2.03344800e+01	1.08190002e+03	2.88715692e+02	8.35700447e-19	2.48747869e-06	2.54733953e-03	4.83822870e+01	6.27596238e-04	6.24289360e-01	2.21865566e+00	2.11330253e-08	1.24591108e-01	7.16554852e-02
2.41958786e+10	9.96000000e+04	7.35088392e+04	1.00574849e+02	2.04191220e+01	9.76097512e+02	2.88643746e+02	7.30784098e-19	2.46403941e-06	2.47480847e-03	4.83099137e+01	6.81820814e-04	6.25290737e-01	2.22516606e+00	0.00000000e+00	1.24542749e-01	7.93916381e-02
2.41958786e+10	9.96000000e+04	7.38041371e+04	1.01288070e+02	2.05011492e+01	8.73563494e+02	2.88574023e+02	6.47735562e-203	2.45377037e-06	2.42703320e-03	4.82314736e+01	7.51498030e-04	6.26961655e-01	2.23237963e+00	0.00000000e+00	1.24495883e-01	8.86768048e-02
2.41958786e+10	9.96000000e+04	7.41019402e+04	1.01997282e+02	2.05838723e+01	7.70159669e+02	2.88503709e+02	-1.96527893e-199	2.45940164e-06	2.40205923e-03	4.81457078e+01	8.37483289e-04	6.29416905e-01	2.24043718e+00	0.00000000e+00	1.24448620e-01	1.00544620e-01
2.41958786e+10	9.96000000e+04	7.44015002e+04	1.02700183e+02	2.06670834e+01	6.66145767e+02	2.88432979e+02	-9.39572286e-173	2.48066590e-06	2.39809534e-03	4.80505417e+01	9.49641941e-04	6.32849375e-01	2.24957345e+00	0.00000000e+00	1.24401079e-01	1.16199536e-01
2.41958786e+10	9.96000000e+04	7.47168175e+04	1.03428340e+02	2.07546715e+01	5.56660604e+02	2.88358529e+02	2.36608664e-193	2.52056740e-06	2.41614295e-03	4.79429478e+01	1.10038518e-03	6.37549524e-01	2.26013266e+00	0.00000000e+00	1.24351036e-01	1.38997965e-01
2.41958786e+10	9.96000000e+04	7.50172680e+04	1.04110651e+02	2.08381300e+01	4.52337495e+02	2.88287589e+02	1.57081616e-177	2.58676765e-06	2.46060256e-03	4.78172471e+01	1.32394413e-03	6.44065873e-01	2.27276413e+00	0.00000000e+00	1.24303353e-01	1.70989631e-01
2.41958786e+10	9.96000000e+04	7.53046064e+04	1.04752362e+02	2.09179462e+01	3.52567236e+02	2.88219746e+02	-3.12450537e-168	2.68885371e-06	2.54004409e-03	4.76661513e+01	1.64443950e-03	6.53120971e-01	2.28830347e+00	0.00000000e+00	1.24257751e-01	2.19296176e-01
2.41958786e+10	9.96000000e+04	7.56051725e+04	1.05411971e+02	2.10014368e+01	2.50000000e+02	2.88150000e+02	-3.36078622e-172	2.84638440e-06	2.66840153e-03	4.74768053e+01	2.14054923e-03	6.65971553e-01	2.30823361e+00	0.00000000e+00	1.24182110e-01	3.09078324e-01
2.41958786e+10	9.96000000e+04	7.59115367e+04	1.06071705e+02	2.10865380e+01	2.50000000e+02	2.88150000e+02	-5.36951544e-151	3.11776756e-06	2.88039310e-03	4.72166395e+01	3.09031640e-03	6.85783691e-01	2.33632447e+00	0.00000000e+00	1.22478691e-01	3.04838665e-01
2.41958786e+10	9.96000000e+04	7.62010800e+04	1.06683196e+02	2.11669667e+01	2.50000000e+02	2.88150000e+02	0.00000000e+00	3.30731743e-06	3.12315498e-03	4.69563454e+01	3.10286479e-03	7.05751094e-01	2.36403027e+00	0.00000000e+00	1.20868798e-01	3.00831783e-01
2.41958786e+10	9.96000000e+04	7.65085101e+04	1.07319322e+02	2.12523639e+01	2.50000000e+02	2.88150000e+02	0.00000000e+00	3.46741588e-06	3.33453661e-03	4.66967110e+01	3.09620367e-03	7.25088505e-01	2.39137215e+00	0.00000000e+00	1.19159453e-01	2.96577372e-01
2.41958786e+10	9.96000000e+04	7.68129079e+04	1.07935472e+02	2.13369189e+01	2.50000000e+02	2.88150000e+02	0.00000000e+00	3.59577304e-06	3.50233118e-03	4.64379151e+01	3.07201318e-03	7.43821884e-01	2.41832765e+00	0.00000000e+00	1.17466967e-01	2.92364925e-01
2.41958786e+10	9.96000000e+04	7.71264330e+04	1.08555452e+02	2.14240092e+01	2.50000000e+02	2.88150000e+02	0.00000000e+00	3.69620130e-06	3.62795172e-03	4.61800924e+01	3.03801378e-03	7.61978050e-01	2.44490056e+00	0.00000000e+00	1.15723733e-01	2.88026168e-01
2.41958786e+10	9.96000000e+04	7.74160122e+04	1.09114524e+02	2.15044478e+01	2.50000000e+02	2.88150000e+02	0.00000000e+00	3.77328019e-06	3.71717032e-03	4.59233547e+01	2.99588608e-03	7.79566202e-01	2.47107941e+00	0.00000000e+00	1.14113641e-01	2.84018791e-01
2.41958786e+10	9.96000000e+04	7.77212271e+04	1.09689324e+02	2.15892297e+01	2.50000000e+02	2.88150000e+02	0.00000000e+00	3.83223584e-06	3.77701100e-03	4.56677680e+01	2.95294718e-03	7.96625794e-01	2.49689430e+00	0.00000000e+00	1.12416612e-01	2.79795036e-01
2.41958786e+10	9.96000000e+04	7.80095958e+04	1.10218424e+02	2.16693322e+01	2.50000000e+02	2.88150000e+02	0.00000000e+00	3.87640065e-06	3.81371188e-03	4.54134033e+01	2.90512770e-03	8.13155808e-01	2.52232559e+00	0.00000000e+00	1.10813250e-01	2.75804409e-01
2.41958786e+10	9.96000000e+04	7.83116604e+04	1.10757730e+02	2.17532390e+01	2.50000000e+02	2.88150000e+02	0.00000000e+00	3.90947571e-06	3.83254108e-03	4.51602999e+01	2.85830555e-03	8.29184200e-01	2.54739443e+00	0.00000000e+00	1.09133737e-01	2.71624249e-01
2.41958786e+10	9.96000000e+04	7.86026275e+04	1.11262441e+02	2.18340632e+01	2.50000000e+02	2.88150000e+02	0.00000000e+00	3.93344885e-06	3.83752342e-03	4.49085042e+01	2.80881056e-03	8.44709664e-01	2.57208363e+00	0.00000000e+00	1.07515928e-01	2.67597665e-01
2.41958786e+10	9.96000000e+04	7.89056334e+04	1.11772249e+02	2.19182315e+01	2.50000000e+02	2.88150000e+02	0.00000000e+00	3.95060781e-06	3.83178521e-03	4.46580416e+01	2.76074869e-03	8.59753372e-01	2.59640712e+00	0.00000000e+00	1.05831181e-01	2.63404479e-01
2.41958786e+10	9.96000000e+04	7.92252108e+04	1.12292077e+02	2.20070030e+01	2.50000000e+02	2.88150000e+02	0.00000000e+00	3.96204572e-06	3.81758212e-03	4.44089451e+01	2.71109905e-03	8.74314544e-01	2.62034978e+00	0.00000000e+00	1.04087927e-01	2.59065674e-01
2.41958786e+10	9.96000000e+04	7.95177233e+04	1.12751437e+02	2.20882565e+01	2.50000000e+02	2.88150000e+02	0.00000000e+00	3.96873555e-06	3.79645794e-03	4.41612453e+01	2.66025168e-03	8.88391038e-01	2.64389827e+00	0.00000000e+00	1.02851749e-01	2.55988935e-01
2.41958786e+10	9.96000000e+04	7.98175694e+04	1.13205637e+02	2.21715471e+01	2.50000000e+02	2.88150000e+02	0.00000000e+00	3.97207221e-06	3.77159695e-03	4.39148961e+01	2.62314019e-03	9.02086401e-01	2.66716614e+00	0.00000000e+00	1.01584578e-01	2.52835058e-01
2.41958786e+10	9.96000000e+04	8.01084977e+04	1.13629855e+02	2.22523605e+01	2.50000000e+02	2.88150000e+02	0.00000000e+00	3.97157339e-06	3.74513941e-03	4.36698961e+01	2.58595610e-03	9.15411894e-01	2.69014634e+00	0.00000000e+00	1.00355094e-01	2.49774982e-01
2.41958786e+10	9.96000000e+04	8.04151835e+04	1.14059121e+02	2.23375510e+01	2.50000000e+02	2.88150000e+02	0.00000000e+00	3.96796028e-06	3.71778085e-03	4.34262441e+01	2.55039409e-03	9.28380476e-01	2.71284743e+00	0.00000000e+00	9.90590185e-02	2.46549164e-01
2.41958786e+10	9.96000000e+04	8.07052370e+04	1.14447844e+02	2.24181214e+01	2.50000000e+02	2.88150000e+02	0.00000000e+00	3.96118681e-06	3.68970102e-03	4.31839493e+01	2.51369957e-03	9.40986829e-01	2.73525430e+00	0.00000000e+00	9.78332318e-02	2.43498289e-01
2.41958786e+10	9.96000000e+04	8.10188702e+04	1.14848918e+02	2.25052417e+01	2.50000000e+02	2.88150000e+02	0.00000000e+00	3.95196356e-06	3.66107799e-03	4.29430061e+01	2.47936076e-03	9.53249587e-01	2.75738290e+00	0.00000000e+00	9.65077957e-02	2.40199395e-01
2.41958786e+10	9.96000000e+04	8.13040221e+04	1.15195897e+02	2.25844506e+01	2.50000000e+02	2.88150000e+02	0.00000000e+00	3.93995169e-06	3.63191813e-03	4.27034257e+01	2.44295408e-03	9.65157483e-01	2.77921061e+00	0.00000000e+00	9.53027234e-02	2.37200076e-01
2.41958786e+10	9.96000000e+04	8.16254104e+04	1.15566431e+02	2.26737251e+01	2.50000000e+02	2.88150000e+02	0.00000000e+00	3.92608326e-06	3.60240264e-03	4.24651966e+01	2.41010833e-03	9.76737566e-01	2.80076475e+00	0.00000000e+00	9.39445137e-02	2.33819612e-01
2.41958786e+10	9.96000000e+04	8.19248206e+04	1.15891713e+02	2.27568946e+01	2.50000000e+02	2.88150000e+02	0.00000000e+00	3.90966194e-06	3.57247582e-03	4.22283342e+01	2.37375187e-03	9.87968910e-01	2.82201056e+00	0.00000000e+00	9.26791850e-02	2.30670320e-01
2.41958786e+10	9.96000000e+04	8.22117935e+04	1.16185169e+02	2.28366093e+01	2.50000000e+02	2.88150000e+02	0.00000000e+00	3.89157773e-06	3.54217822e-03	4.19928307e+01	2.34013901e-03	9.98871789e-01	2.84296912e+00	0.00000000e+00	9.14664172e-02	2.27651849e-01
2.41958786e+10	9.96000000e+04	8.25185597e+04	1.16478748e+02	2.29218221e+01	2.50000000e+02	2.88150000e+02	0.00000000e+00	3.87200789e-06	3.51179198e-03	4.17586775e+01	2.30827746e-03	1.00946352e+00	2.86365237e+00	0.00000000e+00	9.01700018e-02	2.24425185e-01
2.41958786e+10	9.96000000e+04	8.28027802e+04	1.16731945e+02	2.30007723e+01	2.50000000e+02	2.88150000e+02	0.00000000e+00	3.85065927e-06	3.48129778e-03	4.15258820e+01	2.27462061e-03	1.01973424e+00	2.88404132e+00	0.00000000e+00	8.89711211e-02	2.21441276e-01
2.41958786e+10	9.96000000e+04	8.31163255e+04	1.16990008e+02	2.30878682e+01	2.50000000e+02	2.88150000e+02	0.00000000e+00	3.82822390e-06	3.45080122e-03	4.12944330e+01	2.24378037e-03	1.02970571e+00	2.90415811e+00	0.00000000e+00	8.79004144e-02	2.18776382e-01
2.41958786e+10	9.96000000e+04	8.34252861e+04	1.17222216e+02	2.31736906e+01	2.50000000e+02	2.88150000e+02	0.00000000e+00	3.80528033e-06	3.42077855e-03	4.10643120e+01	2.21660534e-03	1.03940917e+00	2.92403231e+00	0.00000000e+00	8.68453636e-02	2.16150453e-01
2.41958786e+10	9.96000000e+04	8.37012064e+04	1.17410858e+02	2.32503351e+01	2.50000000e+02	2.88150000e+02	0.00000000e+00	3.78171531e-06	3.39147847e-03	4.08355109e+01	2.19021884e-03	1.04885391e+00	2.94366747e+00	0.00000000e+00	8.59031400e-02	2.13805342e-01
2.41958786e+10	9.96000000e+04	8.40213665e+04	1.17607368e+02	2.33392685e+01	2.50000000e+02	2.88150000e+02	0.00000000e+00	3.75796389e-06	3.36308366e-03	4.06080125e+01	2.16710058e-03	1.05806516e+00	2.96308916e+00	0.00000000e+00	8.48098450e-02	2.11084227e-01
2.41958786e+10	9.96000000e+04	8.43178009e+04	1.17767689e+02	2.34216114e+01	2.50000000e+02	2.88150000e+02	0.00000000e+00	3.73327081e-06	3.33535781e-03	4.03818269e+01	2.14041481e-03	1.06702002e+00	2.98226314e+00	0.00000000e+00	8.37975691e-02	2.08564762e-01
2.41958786e+10	9.96000000e+04	8.46073491e+04	1.17904047e+02	2.35020414e+01	2.50000000e+02	2.88150000e+02	0.00000000e+00	3.70825687e-06	3.30814765e-03	4.01569435e+01	2.11602066e-03	1.07573421e+00	3.00120778e+00	0.00000000e+00	8.28088085e-02	2.06103824e-01
2.41958786e+10	9.96000000e+04	8.49092983e+04	1.18024794e+02	2.35859162e+01	2.50000000e+02	2.88150000e+02	0.00000000e+00	3.68286987e-06	3.28149442e-03	3.99333541e+01	2.09246825e-03	1.08421711e+00	3.01992839e+00	0.00000000e+00	8.17777005e-02	2.03537487e-01
2.41958786e+10	9.96000000e+04	8.52015535e+04	1.18120686e+02	2.36670982e+01	2.50000000e+02	2.88150000e+02	0.00000000e+00	3.65694369e-06	3.25529223e-03	3.97110583e+01	2.06802065e-03	1.09246424e+00	3.03841539e+00	0.00000000e+00	8.07796961e-02	2.01053542e-01
2.41958786e+10	9.96000000e+04	8.55079997e+04	1.18198961e+02	2.37522221e+01	2.50000000e+02	2.88150000e+02	0.00000000e+00	3.63070723e-06	3.22948609e-03	3.94900490e+01	2.04457758e-03	1.10048398e+00	3.05667627e+00	0.00000000e+00	7.97332315e-02	1.98448984e-01
2.41958786e+10	9.96000000e+04	8.58201628e+04	1.18255163e+02	2.38389341e+01	2.50000000e+02	2.88150000e+02	0.00000000e+00	3.60395371e-06	3.20397141e-03	3.92703262e+01	2.02001407e-03	1.10827076e+00	3.07470007e+00	0.00000000e+00	7.86672448e-02	1.95795837e-01
2.41958786e+10	9.96000000e+04	8.61136593e+04	1.18286283e+02	2.39204609e+01	2.50000000e+02	2.88150000e+02	0.00000000e+00	3.57674101e-06	3.17861467e-03	3.90518888e+01	1.99501932e-03	1.11582273e+00	3.09248234e+00	0.00000000e+00	7.76650016e-02	1.93301342e-01
2.41958786e+10	9.96000000e+04	8.64017746e+04	1.18296323e+02	2.40004930e+01	2.50000000e+02	2.88150000e+02	0.00000000e+00	3.54936216e-06	3.15347988e-03	3.88347258e+01	1.97174612e-03	1.12315430e+00	3.11003754e+00	0.00000000e+00	7.66871940e-02	1.90867665e-01
